--
-- PostgreSQL database dump
--

-- Dumped from database version 12.16 (Ubuntu 12.16-1.pgdg20.04+1)
-- Dumped by pg_dump version 16.0 (Ubuntu 16.0-1.pgdg20.04+1)

-- Started on 2023-10-10 20:55:36 -04

SET statement_timeout = 0;
SET lock_timeout = 0;
SET idle_in_transaction_session_timeout = 0;
SET client_encoding = 'UTF8';
SET standard_conforming_strings = on;
SELECT pg_catalog.set_config('search_path', '', false);
SET check_function_bodies = false;
SET xmloption = content;
SET client_min_messages = warning;
SET row_security = off;

--
-- TOC entry 11 (class 2615 OID 41893)
-- Name: seguridad; Type: SCHEMA; Schema: -; Owner: postgres
--

CREATE SCHEMA seguridad;


ALTER SCHEMA seguridad OWNER TO postgres;

SET default_tablespace = '';

SET default_table_access_method = heap;

--
-- TOC entry 317 (class 1259 OID 41894)
-- Name: usuarios; Type: TABLE; Schema: seguridad; Owner: postgres
--

CREATE TABLE seguridad.usuarios (
    id integer NOT NULL,
    nombre character varying(100) NOT NULL,
    password text NOT NULL,
    email character varying(100) NOT NULL,
    perfil integer,
    foto text,
    estado integer,
    ultimo_login timestamp without time zone NOT NULL,
    fecha timestamp without time zone NOT NULL,
    intentos integer,
    unidad character varying,
    fecha_update timestamp without time zone,
    id_estatus integer,
    rif_organoente character varying(10)
);


ALTER TABLE seguridad.usuarios OWNER TO postgres;

--
-- TOC entry 318 (class 1259 OID 41900)
-- Name: funcionarios; Type: TABLE; Schema: seguridad; Owner: postgres
--

CREATE TABLE seguridad.funcionarios (
    nombrefun character varying(100),
    apellido character varying(100),
    tipo_cedula character varying(1),
    cedula character varying(15),
    cargo character varying(50),
    oficina character varying(50),
    tele_1 character varying(20),
    tele_2 character varying(20),
    fecha_designacion date,
    numero_gaceta character varying(50),
    email character varying(100),
    tipo_funcionario integer,
    unidad character varying,
    fecha date DEFAULT now(),
    obser character varying,
    id_usuario integer NOT NULL,
    id integer NOT NULL
);


ALTER TABLE seguridad.funcionarios OWNER TO postgres;

--
-- TOC entry 319 (class 1259 OID 41907)
-- Name: funcionarios_id_seq; Type: SEQUENCE; Schema: seguridad; Owner: postgres
--

CREATE SEQUENCE seguridad.funcionarios_id_seq
    START WITH 1
    INCREMENT BY 1
    NO MINVALUE
    NO MAXVALUE
    CACHE 1;


ALTER SEQUENCE seguridad.funcionarios_id_seq OWNER TO postgres;

--
-- TOC entry 3531 (class 0 OID 0)
-- Dependencies: 319
-- Name: funcionarios_id_seq; Type: SEQUENCE OWNED BY; Schema: seguridad; Owner: postgres
--

ALTER SEQUENCE seguridad.funcionarios_id_seq OWNED BY seguridad.funcionarios.id;


--
-- TOC entry 320 (class 1259 OID 41909)
-- Name: perfil; Type: TABLE; Schema: seguridad; Owner: postgres
--

CREATE TABLE seguridad.perfil (
    id_perfil integer NOT NULL,
    nombrep character varying(40),
    menu_rnce integer,
    menu_progr integer,
    menu_eval_desem integer,
    menu_reg_eval_desem integer,
    menu_soli_anular_eval_desem integer,
    menu_proc_anular_eval_desem integer,
    menu_comprobante_eval_desem integer,
    menu_estdi_eval_desem integer,
    menu_noregi_eval_desem integer,
    menu_llamado integer,
    consultar_llamado integer,
    reg_llamado integer,
    anul_llamado integer,
    ver_anul_llamado integer,
    ver_rnc integer,
    ver_conf integer,
    ver_parametro integer,
    ver_conf_publ integer,
    ver_user integer,
    ver_user_exter integer,
    ver_user_desb integer,
    ver_user_lista integer,
    ver_user_perfil integer,
    fecha_creacion date,
    menu_anulacion integer,
    menu_repor_evalu character varying,
    certi_externo integer,
    menu_certi integer,
    certificacion integer
);


ALTER TABLE seguridad.perfil OWNER TO postgres;

--
-- TOC entry 321 (class 1259 OID 41915)
-- Name: perfil_id_perfil_seq; Type: SEQUENCE; Schema: seguridad; Owner: postgres
--

CREATE SEQUENCE seguridad.perfil_id_perfil_seq
    AS integer
    START WITH 1
    INCREMENT BY 1
    NO MINVALUE
    NO MAXVALUE
    CACHE 1;


ALTER SEQUENCE seguridad.perfil_id_perfil_seq OWNER TO postgres;

--
-- TOC entry 3532 (class 0 OID 0)
-- Dependencies: 321
-- Name: perfil_id_perfil_seq; Type: SEQUENCE OWNED BY; Schema: seguridad; Owner: postgres
--

ALTER SEQUENCE seguridad.perfil_id_perfil_seq OWNED BY seguridad.perfil.id_perfil;


--
-- TOC entry 322 (class 1259 OID 41917)
-- Name: usuarios_id_seq; Type: SEQUENCE; Schema: seguridad; Owner: postgres
--

CREATE SEQUENCE seguridad.usuarios_id_seq
    START WITH 1
    INCREMENT BY 1
    NO MINVALUE
    NO MAXVALUE
    CACHE 1;


ALTER SEQUENCE seguridad.usuarios_id_seq OWNER TO postgres;

--
-- TOC entry 3533 (class 0 OID 0)
-- Dependencies: 322
-- Name: usuarios_id_seq; Type: SEQUENCE OWNED BY; Schema: seguridad; Owner: postgres
--

ALTER SEQUENCE seguridad.usuarios_id_seq OWNED BY seguridad.usuarios.id;


--
-- TOC entry 3376 (class 2604 OID 91124)
-- Name: funcionarios id; Type: DEFAULT; Schema: seguridad; Owner: postgres
--

ALTER TABLE ONLY seguridad.funcionarios ALTER COLUMN id SET DEFAULT nextval('seguridad.funcionarios_id_seq'::regclass);


--
-- TOC entry 3377 (class 2604 OID 91125)
-- Name: perfil id_perfil; Type: DEFAULT; Schema: seguridad; Owner: postgres
--

ALTER TABLE ONLY seguridad.perfil ALTER COLUMN id_perfil SET DEFAULT nextval('seguridad.perfil_id_perfil_seq'::regclass);


--
-- TOC entry 3374 (class 2604 OID 91126)
-- Name: usuarios id; Type: DEFAULT; Schema: seguridad; Owner: postgres
--

ALTER TABLE ONLY seguridad.usuarios ALTER COLUMN id SET DEFAULT nextval('seguridad.usuarios_id_seq'::regclass);


--
-- TOC entry 3521 (class 0 OID 41900)
-- Dependencies: 318
-- Data for Name: funcionarios; Type: TABLE DATA; Schema: seguridad; Owner: postgres
--

COPY seguridad.funcionarios (nombrefun, apellido, tipo_cedula, cedula, cargo, oficina, tele_1, tele_2, fecha_designacion, numero_gaceta, email, tipo_funcionario, unidad, fecha, obser, id_usuario, id) FROM stdin;
LEO ROBERTO	GONZALEZ MARTINEZ	V	21151374	ANALISTA	PARQUE CENTRAL	04148400858		2022-07-20	25621KKDD	rjsa2563@snc.gob.ve	3	G160000	2022-07-28	NUEVO USUARIO SNC	61	2
ASLKCNASKLCNSAOI NION	INOICWNEFIONWECION IONION	V	23456758	ADMIN	87498237987	4897238487	8734238498	2022-09-01	239483948	as@gmasil.com	3	A100000	2022-09-15		62	3
JHON AMADO	LEON ORTEGANO	V	25210375	ANALISTA	CARACAS	04149901703	04149901703	2022-11-21	15289252	jleon@snc.gob.ve	3	G160000	2022-11-21	NA	63	4
DEISY ANDREINA	MOLINA ZAMBRANO	V	16983461	JEFE DEL DEPARTAMENTO DE COMPRAS Y CONSUMO	TACHIRA	04247708339	04247708339	2016-06-01	00000	comprashidrosuroeste@protonmail.com	3	AY590006	2023-03-27	JEFE DEL DEPARTAMENTO DE COMPRAS Y CONSUMO	130	73
NEUDYS NAHIR	INOJOSA RIOS	V	9957708	DIRECTORA	PARQUE CENTRAL	04169284709	04169284709	2020-09-05	25633	inojosa@snc.gob.ve	3	G160000	2020-09-05	NA	46	7
YENNYFER GRABIELA	CALZADILLA FUENTES	V	21339297	JEFE DE OFICINA	CARACAS	04120377316	02128075645	2023-03-21	00000	comprasplancametro@protnmail.com	3	AT540008 	2023-03-27	JEFE DE OFICINA	132	75
DUNIA JOSEFINA	ARAUJO	V	6157014	ANALISTA	PARQUE CENTRAL	6	6	2020-09-05	4	ARAUJO @snc.gob.ve	3	G160000	2020-09-05	NA	48	9
JANETH COROMOTO	RANGEL SOSA	V	5603353	ANALISTA	PARQUE CENTRAL	4	4	2020-09-05	34dd	RANGEL@snc.gob.ve	3	G160000	2020-09-05	NA	47	8
YUSBELY NATALY	BRAVO CASTRO	V	13952579	COORDINADORA	PARQUE CENTRAL	6	4	2020-09-05	4	48@snc.gob.ve	3	G160000	2022-11-25	NA	53	14
NERSY DAYANA	HERNANDEZ OCHOA	V	15167442	ANALISTA	PARQUE CENTRAL	6	4	2020-09-05	4	47@snc.gob.ve	3	G160000	2022-11-25	NA	54	15
NELSI MERCEDES	DELGADO BRICEÑO	V	16675524	ANALISTA	PARQUE CENTRAL	6	4	2020-09-05	4	44@snc.gob.ve	3	G160000	2022-11-25	NA	55	16
YOHANA YDALIA	VASQUEZ FIGUEROA	V	18021962	ANALISTA	PARQUE CENTRAL	6	4	2020-09-05	4	42@snc.gob.ve	3	G160000	2022-11-25	NA	56	17
JOSELYN MARIA	VASQUEZ MANJARRES	V	19669138	ANALISTA	PARQUE CENTRAL	2	3	2020-09-05	3	423@snc.gob.ve	3	G160000	2022-11-25	na	58	18
DALIA ROSA	BENCOMO	V	9170985	COORDINADORA	PARQUE CENTRAL	6	6	2020-09-05	4	R@snc.gob.ve	3	G160000	2020-09-05	NA	49	10
NIURKA CELESTE	BRUZUAL CARREÑO	V	9977157	ANALISTA	PARQUE CENTRAL	6	6	2020-09-05	4	R4L@snc.gob.ve	3	G160000	2020-09-05	NA	50	11
ISABEL CRISTINA	RONDON	V	10513288	ANALISTA	PARQUE CENTRAL	6	6	2020-09-05	4	7@snc.gob.ve	3	G160000	2020-09-05	NA	51	12
MARIA ANTONIETA	GUTIERREZ MOLINA	V	12618863	ANALISTA	PARQUE CENTRAL	6	6	2020-09-05	4	4@snc.gob.ve	3	G160000	2020-09-05	NA	52	13
xx	xx	V	3	ANALISTA	PARQUE CENTRAL	3	3	2020-09-05	3	42d3@snc.gob.ve	\N	G160000	2022-11-25	x	38	19
RAMON	RAMON	\N	V6429731	\N	\N	\N	\N	\N	\N	siledth@gmail.com	\N	\N	2023-03-27	\N	733	733
LUIS JOSE	ALCALA GONZALEZ	V	26476720	ANALISTA	PARQUE CENTRAL	3	3	2020-09-05	3	42d3@snc.gob.ve	\N	G160000	2022-11-25	x	59	22
ALVAREZ	ALVAREZ	V	3456	ANALISTA	PARQUE CENTRAL	3	3	2020-09-05	3	42d3@snc.gob.ve	\N	G160000	2022-11-25	x	11	24
DALIA	BENCOM	V	55433	ANALISTA	PARQUE CENTRAL	3	3	2020-09-05	3	42d3@snc.gob.ve	\N	G160000	2022-11-25	x	35	23
RAMON	SUAREZ	V	78521	ASESOR	PARQUE CENTRAL	3	3	2020-09-05	3	42d3@snc.gob.ve	\N	G160000	2022-11-25	x	65	25
Lozano	Lozano	V	x	x	CARACAS	3	3	2020-09-05	3	42d3@snc.gob.ve	\N	T290013	2022-11-25	x	26	27
Padron	Padron	V	x	x	CARACAS	3	3	2020-09-05	3	42d3@snc.gob.ve	\N	T290013	2022-11-25	x	27	28
Berroteran	Berroteran	V	x	x	CARACAS	3	3	2020-09-05	3	42d3@snc.gob.ve	\N	T290013	2022-11-25	x	28	29
xx	xxx	V	x	x	CARACAS	3	3	2020-09-05	3	42d3@snc.gob.ve	\N	T290013	2022-11-25	x	10	26
Peper	Peper	V	x	x	CARACAS	3	3	2020-09-05	3	42d3@snc.gob.ve	\N	AV560003	2022-11-25	x	15	30
Mosquera	Mosquera	V	x	x	CARACAS	3	3	2020-09-05	3	42d3@snc.gob.ve	\N	AV560003	2022-11-25	x	16	31
Roman	Roman	V	x	x	CARACAS	3	3	2020-09-05	3	42d3@snc.gob.ve	\N	AV560003	2022-11-25	x	17	32
Gamez	Gamez	V	x	x	CARACAS	3	3	2020-09-05	3	42d3@snc.gob.ve	\N	AV560003	2022-11-25	x	18	33
Dasilva	Dasilva	V	x	x	CARACAS	3	3	2020-09-05	3	42d3@snc.gob.ve	\N	E140001	2022-11-25	x	19	34
Medina	Medina	V	x	x	CARACAS	3	3	2020-09-05	3	42d3@snc.gob.ve	\N	E140001	2022-11-25	x	20	35
Hernandez	Hernandez	V	x	x	CARACAS	3	3	2020-09-05	3	42d3@snc.gob.ve	\N	T290000	2022-11-25	x	21	36
Gonzalez	Gonzalez	V	x	x	CARACAS	3	3	2020-09-05	3	42d3@snc.gob.ve	\N	T290000	2022-11-25	x	22	37
Yajure	Yajure	V	x	x	CARACAS	3	3	2020-09-05	3	42d3@snc.gob.ve	\N	T290000	2022-11-25	x	23	38
Infante	Infante	V	x	x	CARACAS	3	3	2020-09-05	3	42d3@snc.gob.ve	\N	T290000	2022-11-25	x	24	39
Rodriguez	Rodriguez	V	x	x	CARACAS	3	3	2020-09-05	3	42d3@snc.gob.ve	\N	AV560036	2022-11-25	x	25	40
cortez	cortez	V	x	x	CARACAS	3	3	2020-09-05	3	42d3@snc.gob.ve	\N	ZP350000	2022-11-25	x	39	41
gavides	gavides	V	x	x	CARACAS	3	3	2020-09-05	3	42d3@snc.gob.ve	\N	ZP350000	2022-11-25	x	40	42
urrea	urrea	V	x	x	CARACAS	3	3	2020-09-05	3	42d3@snc.gob.ve	\N	N23002	2022-11-25	x	41	43
sulbaran	sulbaran	V	x	x	CARACAS	3	3	2020-09-05	3	42d3@snc.gob.ve	\N	N23002	2022-11-25	x	42	44
lezama	lezama	V	x	x	CARACAS	3	3	2020-09-05	3	42d3@snc.gob.ve	\N	N23002	2022-11-25	x	43	45
rumbos	rumbos	V	x	x	CARACAS	3	3	2020-09-05	3	42d3@snc.gob.ve	\N	N23002	2022-11-25	x	44	46
lozada	lozada	V	x	x	CARACAS	3	3	2020-09-05	3	42d3@snc.gob.ve	\N	N23002	2022-11-25	x	45	47
ADMINs	ADMINs	V	34534432	ADMIN	874584935734	43589787284	89794385787q	2022-06-30	23443432	admin@admin.com	3	0	2022-07-14		60	1
DAYANARA MARIA	GUTIERREZ NAVEDA	V	000000	SECRETARIA DE LA COMISION	ZULIA	04146512861	04146512861	2023-03-29	0000	direccioncontratacionespublicasgez2022@prontomail.com	3	ZP350000-36	2023-03-29	SECRETARIA DE LA COMISION CONTRATACIONES ESTADO ZULIA	137	79
Nikodemo	Sistem	V	3	Superior	PARQUE CENTRAL	3	3	2020-09-05	3	42d3@snc.gob.ve	\N	G160000	2022-11-25	x	1	20
CUENTADANTEs	CUENTADANTE	V	999999	S/I	S/I	999999	S/I	2022-11-22	S/I	ybravo@snc.gob.ve	3	AB360007	2022-11-22		64	5
VANESSA ALEXANDRA	RAMIREZ OVIEDO	V	15757254	AUXILIAR ADMINISTRATIVO	CARACAS	04120765063	02128075645	2023-03-27	00000	comprascametrocaracas@protonmail.com	3	AT540008 	2023-03-27	AUXILIAR ADMINISTRATIVO	131	74
MARISABEL 	QUINTERO GAMEZ	V	15842948	CONSULTOR ADMINISTRATIVO II	CARACAS	02122067355	04123906493	2023-03-21	00000	contratacionescametro8@protonmail.com	3	AT540008 	2023-03-27	CONSULTOR ADMINISTRATIVO II	133	76
Marisely	Marisely	\N	V10842999	\N	\N	\N	\N	\N	\N	marisely@gmail.com	\N	\N	2023-04-13	\N	741	741
Rutilio	Rutilio	\N	V4201689	\N	\N	\N	\N	\N	\N	rutilio2023@gmail.com	\N	\N	2023-04-18	\N	752	752
THAIRYS ALEJANDRA	CUENCA ESPINOZA	V	15377760	ANALISTA	02125085599	04129137280	00	2023-04-19	001	tcuenca@snc.gob.ve	3	G160000	2023-04-21	PERFIL SECRETARIA	139	81
CRUZ ORLANDO	CARUTO ORAMAS	V	18557964	COORDINADOR DE SISTEMAS Y SOPORTE	02125085599	04241502714	00	2023-04-19	002	ocaruto@snc.gob.ve	3	G160000	2023-04-21	PERFIL CARGA EVALUACION	140	82
carmen	carmen	\N	V11973979	\N	\N	\N	\N	\N	\N	Vegacarmensofia@gmail.com	\N	\N	2023-05-25	\N	865	865
ESBELTH MARIA	COLMENARES	V	10530443	DIRECTORA DE OGH	02125085599	04265160847	00	2023-04-19	003	ecolmenares@snc.gob.ve	3	G160000	2023-04-21	PERFIL CARGA EVALUACION	141	83
RAFAEL ALJEANDRO	GONZALEZ RODRIGUEZ	V	25626922	ANALISTA	00	04149111537	00	2023-05-03	123456	ragonzalez@snc.gob.ve	3	G160000	2023-05-03	NO	753	753
PRUEBA DE USUARIO	DELGADO	V	333333	333333	333333333	333333333	33333333	2022-11-24	33333	445sincopa2@gmail.com	3	BA610004	2022-11-25	3333	67	48
PRUEBA34	PRUEBA32	V	232323232	3232323	32323	3232332323	3232323	2022-11-25	323232	sincop32323a2@gmail.com	3	BA610004	2022-11-25	323232	106	49
CUENTADANTE	CUENTADANTE	V	999999	S/I	S/I	999999		2022-11-25	S/I	ybravo@snc.gob.ve	3	L210023	2022-11-25		108	51
CUENTADANTE	CUENTADANTE	V	999999	S/I	S/I	999999		2022-11-25	S/I	ybravo@snc.gob.ve	3	BA610046	2022-11-25		109	52
CUENTADANTE	CUENTADANTE	V	999999	S/I	S/I	999999		2022-11-25	S/I	dbencomo@snc.gob.ve	3	D130000	2022-11-25		110	53
CUENTADANTE	CUENTADANTE	V	999999	S/I	S/I	999999		2022-11-25	S/I	dbencomo@snc.gob.ve	3	D130020	2022-11-25		111	54
CUENTADANTE	CUENTADANTE	V	999999	S/I	S/I	999999		2022-11-25	S/I	dbencomo@snc.gob.ve	3	B110000	2022-11-25		112	55
CUENTADANTE	CUENTADANTE	V	999999	S/I	S/I	999999		2022-11-25	S/I	dbencomo@snc.gob.ve	3	AO490003 	2022-11-25		113	56
CUENTADANTE	CUENTADANTE	V	999999	S/I	S/I	999999		2022-11-25	S/I	dbencomo@snc.gob.ve	3	D130015	2022-11-25		114	57
1xx6	xx	V	333333	ANALISTA	PARQUE CENTRAL	3	3	2020-09-05	3	42d3@snc.gob.ve	\N	G160000	2022-11-25	x	2	21
CUENTADANTEs	CUENTADANTE	V	999999	S/I	S/I	999999		2022-11-25	S/I	ybravo@snc.gob.ve	3	AT540029 	2022-11-25		107	50
Armando	Armando	\N	3184074	\N	\N	\N	\N	\N	\N	acabanas@trophyland.com.ve	\N	\N	2023-03-10	\N	710	710
EUGENIO	RAMON LOPEZ	V	9796148	JEFE DE LA DIVISION DE LOGISTICA	ZULIA	04246224662	04246224662	2023-03-29	0000	divisionlogisticasayf@prontomail.com	3	ZP350000-36	2023-03-29	CARGA DE EVALUACION DE DESEMPEÑO	136	78
ERIKA	GONZALEZ	V	2115174	ANALISTA	CHACAITO	04145555	014555	2023-03-14	1414	SIL@GMAIL.COM	3	G160000	2023-03-14	SN	115	58
ROCYELITH	GONZALEZ	V	23624948	ANALISTA	CHACAITO	04141623620	04141623620	2023-03-14	0000	ROGONZALEZ@SNC.GOB.VE	3	G160000	2023-03-14	SN	116	59
CARLOS ABERTO	PAREDES	V	18467627	COORDINADOR	CHACAITO	04141623620	04141623620	2023-03-14	XX	cparedes@snc.gob.ve	3	G160000	2023-03-14	XXX	117	60
Carlos	Carlos	\N	9145096	\N	\N	\N	\N	\N	\N	hinojosacarlos10@gmail.com	\N	\N	2023-03-16	\N	715	715
YELIS	YELIS	V	222222	2	2	222222	2	2023-03-20	22	234@petro.gob.ve	3	ZP350000-1	2023-03-20	2	118	61
YAMIRKJEREMYA	SOSA PEÑA	V	19146417	SECRETARIA	MERIDA	04247178662	04247178662	2020-11-06	42002	compras.profarmacos@protonmail.com	3	X330013	2023-03-20	NO	120	63
ETHEL BEATRIZ	COLMENARES CORONADO	V	13205305	SECRETARIA	CARACAS	04142384628	04142384628	2018-10-25	41510	ecolmena@bcv.org.ve	3	AV560013	2023-03-21	SECRETARIA DE LA COMISION	121	64
SIRILED DE LOS ANGELES	ADREMAN	V	18013040	SECRETARIA	BOLIVAR	04249443630	04249443630	2022-02-24	461	ISPEB.CONTRATACIONES@PRONMAL.COM	3	ZP350000-4	2023-03-21	SECRETARIA DE LA COMISIÒN	122	65
DUNIA MARGARITA	BERMUDEZ GUERRA	V	11734395	SECRETARIO	CARACAS	04140268796	02816000716	2021-09-30	PC-DERRHH-538-2021	bermudezdf@.pdvsa.com	3	ZP350000-2	2023-03-20	SN	119	62
YENIFFER LISET	CORZO MUÑOZ	V	16205348	SECRETARIA	02459957070	04243256587	04243256587	2023-03-22	0000	SECREARIA.ALISANJO@PRONMAL.COM	3	ZP350000-7	2023-03-22	SECRETARIA DE LA COMISIÒN	123	66
GUSTAVO GABRIEL	URPIN GRANAOS	V	24298094	CUENTADANTE	0000	00000000	00000000	2023-01-16	022-01-2023	SECREARIA.ALISANJOs@PRONMAL.COM	3	ZP350000-7	2023-03-22	MAXIMA AUTORIADA O CUENTADANTE DE LA COMISIÒN	124	67
WILLIAMS ANTONIO	QUERO MARTINEZ	V	13235049	MIEMBRO COMISION	CARABOBO	04128629740	04128629740	2023-01-16	6269	QUERO.ALISANJOs@PRONMAL.COM	3	ZP350000-7	2023-03-22	MIEMBRO PRINCIPAL DE LA COMISIÓN DE CONTRATACIONES	125	68
TIBISAY 	SOLÓRZANO	V	17529926	COORDINADOR DE PROCESOS EN COMPRAS (E)	MIRANDA	02346620777	02346620777	2023-02-13	0000	COMPRASCORDAMI@PROTONMAIL.COM	3	ZP350000-9	2023-03-23	COORDINADOR DE PROCESOS EN COMPRAS (E)	126	69
MIRIAM ESTHER	BERRIOS GONZALEZ	V	9690259	SECRETARIA	02122617350	04168440146	02122618032	2022-08-16	4725	contratacionescametro@protonmail.com	3	AT540008 	2023-03-23	SECRETARIA DE LA COMISIÓN	127	70
MAYIRA DEL CARMEN	HERNANDEZ DOMINGUEZ	V	12686891	SECRETARIA	CARACAS	02125644089	04123177697	2023-03-27	0000	mhernandezminaguas@gob.ve	3	AY590000	2023-03-27	000	128	71
LAURA ALEJANDRA	SILVA DUARTE	V	15547118	SUB GERENTE DE CONTRATACION PUBLICA	TACHIRA	04166712405	04166712405	2022-07-29	230074	contratospublicos.hso@minaguas.gob.ve	3	AY590006	2023-03-27	SUB GERENTE DE CONTRATACION PUBLICA	129	72
EDUARDO RAFAEL	YANES BRACAMONTE	V	11601576	JEFE DEL DEPARTAMENTODE COMPRAS	02122860590	04168046614	0	2023-04-13	226-03-2023	compraspms@polisucre.com.ve	3	L210019	2023-05-04	CONSULTA	755	755
KELLY	POVEDA BRITO	V	16433893	SECRETARIA PRINCIPAL COMISION DE CONTRATACIONES	02127066538	04241430042	0	2023-04-13	0142-2023	povedak@pdvsa.com	3	ZP350000-1	2023-05-04	SECRETARIA	756	756
ANA PAULA	GUTIERREZ	V	23876275	SECRETARIA	02622421101	04126725925	04146544677	2023-05-03	15	alcaldiadeurdaneta@protonmail.com	3	ZP350000-10	2023-05-05	000	760	760
SANDY YULIMAR	PIMENTEL FEBRES	V	15379243	SECRETARIA	00	04265178400	00	2022-10-05	42453	sandypimentel@gmail.com	3	D130000	2023-05-05	SECRETARIA	761	761
MARYALIN	VILLEGAS	V	14016759	SECRETARIA DE LA COMISION UNICA DE CONTRATACIONES	02127079420	04263111304	00	2023-03-30	017-2023	villegasmw@pdvsa.com	3	ZP350000-10	2023-05-05	SECRETARIA	764	764
CARLOS ALBERTO	LOPEZ RAUSSEO	V	19125468	SECRETARIO PRINCIPAL	02916600428	04249663282	00	2023-03-20	0026-23	lopezcti@pdvsa.com	3	ZP350000-10	2023-05-08	SECRETARIA	768	768
ERIKA	VEGA	V	12293149	COORDINADORA DE COMPRAS	02125085533	04166185001	00	2023-04-19	123456	evega@snc.gob.ve	3	G160000	2023-05-09	CARGA EVALUACION	770	770
ANAISKEL YANURI	MENDIBLE	V	15370053	DIRECTORA	00	04166088436	00	2023-05-08	1234567	amendible@snc.gob.ve	3	G160000	2023-05-09	CARGA EVALUACIONES	771	771
JOHANA	ORTA	V	18112067	SECRETARIA PRINCIPAL	02832308916	04163886549	00	2023-03-31	0001	ortajv@pdvsa.com	3	ZP350000-23	2023-05-10	SECRETARIA	772	772
PATRICIA	VALBUENA	V	16081137	SECRETARIA	02617231129	04126830228	00	2023-03-30	3064	patriciafuenmayor@tutanota.com	3	0	2023-05-10	LLAMADO A CONCURSOS	775	775
ISIS AMESTY	MENDEZ	V	11287955	SUPLENTE AREA TECNICA	02617232466	04126830228	00	2023-03-30	3064	isisamesty@tutanota.com	3	ZP350000-24	2023-05-10	CONSULTA CONTRATISTA	776	776
MARIA EUGENIA	FERNANDEZ BAPTISTA	V	9783975	MIEMBRO PRINCIPAL AREA TECNICA	02617231129	04126830228	00	2023-03-30	3064	procurazulia@tutanota.com	3	ZP350000-24	2023-05-10	PROGRAMACION	777	777
JESUS M	RIVAS E	V	5841649	SUPLENTE AREA TECNICA	02617231129	04126830228	00	2023-03-30	3064	jesusmariarivas2023@tutanota.com	3	ZP350000-24	2023-05-10	EVALUACIONES	778	778
IGNACIO	LANDAETA MUÑOZ	V	3746253	SECRETARIO	02432680936	04128892704	00	2023-01-23	028-2023	alcaldiadiegoibarra@protonmail.com	3	ZP350000-35	2023-05-12	SECRETARIA	783	783
Victor	Victor	\N	V24830571	\N	\N	\N	\N	\N	\N	v.a.iriarte22@gmail.com	\N	\N	2023-05-25	\N	866	866
MARIELY CANDELARIA	MOSQUERA	V	12588449	SECRETARIA	04246516181	04243581217	00	2023-03-01	001-2023	imad_dabajuro@proton.me	3	ZP350000-10	2023-05-05	LLAMADO A CONCURSO	766	766
RAQUEL ANDREINA 	GALLEGOS PEREZ	V	18109804	COORDINADORA DE ORGANIZACION Y METODOS	02122868141	04125730810	0	2023-04-12	226-03-2023	direccionsecretaria@polisucre.com.ve	3	L210019	2023-05-04	LLAMADO A CONCURSO Y CONSULTA	754	754
ANYIMIR	CHACARE	V	223476	SECRETARIA	1111	765432	654326	2023-05-11	1111	Bariven@bariven.gob.ve	3	ZP350000-19	2023-05-11	11	780	780
LORELIS DE LAS MERCEDES	VELAZQUEZ DE SIRA	V	17378992	SECRETARIA	02512547845	04264216991		2023-04-21	24677	snc.funrevi@lara.gob.ve	3	ZP350000-10	2023-05-10	LLAMADO A CONCURSO	779	779
LILIAN DEL VALLE	HERRERA VELAZQUES	V	9992452	JEFE DE LA UNIDAD DE COMPRAS	02735324231	04245319718	00	2023-05-09	186-2022	comprasgob@proton.me	3	ZP350000-13	2023-05-12	CONSULTA	786	786
MARICELYNA CHIQUINQUIRA	BRACHO GUTIERREZ	V	15097548	SECRETARIA	04269412281	04269412281	00	2023-02-06	2023-005	alcaldiadabajuro@proton.me	3	ZP350000-30	2023-05-05	LLAMADO A CONCURSO	765	765
PATRICIA	VALBUENA	V	16081137	SECRETARIA	02617231129	04126830228	00	2023-05-30	01231	patriciafuenmayor@tutanota.comm	3	ZP350000-24	2023-05-12	SECRETARIA	781	781
LOLIMIL	DIAZ MALAVE	V	13016865	SUP CONTRATACIONES	02916600446	04148996904	00	2023-03-21	0026-23	diazljl@petroquiriquire.pdvsa.com	3	ZP350000-10	2023-05-08	SECRETARIA	769	769
RAIZA	BRUCE	V	16251196	SUPLENTE	02832308916	04264817945	00	2023-03-31	0003	brucer@pdvsa.com	3	ZP350000-23	2023-05-10	CONSULTA	774	774
ROSYANI	BOUTTO	V	16373237	PRESIDENTA	02832308916	04147729418	00	2023-03-31	0002	bouttor@pdvsa.com	3	ZP350000-23	2023-05-10	CONSULTA	773	773
SAGRARIO	VIDAL	V	16795594	MIEMBRO PRINCIPAL	02512548632	04145701351	00	2023-01-24	040-2023	pdte.funrevi@lara.gob.ve	3	ZP350000-10	2023-05-12	CONSULTA	782	782
ZULYNES	RODRIGUEZ CHIRINOS	V	12203647	SERETARIA DE LA COMISION	00	04126576107	00	2023-05-08	072-2023	contrataciones@maracaibo.gob.ve	3	ZP350000-12	2023-05-12	SECRETARIA	784	784
JOSE ENRIQUE	TERAN PICON	V	9986820	SECRETARIO PRINCIPAL	02735324231	04245437775	00	2023-05-09	186-2022	comisioncontratacionesgeb@proton.me	3	ZP350000-13	2023-05-12	SECRETARIA	785	785
AYBYL LEYNNET	MARMOLE ANDRADE	V	15219961	SECRETARIA DE COMISION SUPLENTE	02418504451	04244003209	00	2023-03-30	23-011	amarmole@vassaguacara.com.ve	3	ZP350000-32	2023-05-05	SECRETARIA	763	763
ANLE JOSEFINA	FLORES LARA	V	15822141	SECRETARIA DE COMISION	02418504211	04141109311	00	2023-03-30	23-011	floresajj@vassaguacara.com.ve	3	ZP350000-32	2023-05-05	SECRETARIA	762	762
ARACELYS COROMOTO 	ROJAS GUERRA	V	17067101	ANALISTA DE CUENTAS CONTABLES	02459363945	04120432348		2023-04-03	6731	ROJASACH@PDVSA.COM	3	ZP350000-33	2023-05-04	000	757	757
FRANKEDY CORINA	ORTEGA SANCHEZ	V	16684960	ANALISTA INTEGRAL	02459363945	04128713395		2023-04-03	6731	ORTEGAFP@PDVSA.COM	3	ZP350000-33	2023-05-04	000	758	758
PATRICIA	VALBUENA	V	16081137	SECRETARIA	02617231129	04126830228	00	2023-03-30	2972	atriciafuenmayor@tutanota.com	3	ZP350000-24	2023-05-15	SECRETARIA	788	788
NANCY FRANCISCA	URABAC QUIJADA	V	8939754	GERENTE DE PLANIFICACION ESTRATEGICA	02122650848	04165277155	00	2023-03-16	42554	nurabac@sunai.gob.ve	3	S280000	2023-05-15	SECRETARIA	789	789
KEISER JOSE	GONZALEZ BRICEÑO	V	18245957	ANALISTA DE COMPRA	02122650848	04265101272	00	2023-03-16	42.554	kgonzalez@sunai.gob.ve	3	S280000	2023-05-15	PROGRAMACION	790	790
MARIA AEJANDRA	VILLALOBOS ROMERO	V	13298310	COORDINADORA DE LA COMISION	02628721731	04126859350	00	2023-03-21	1331	alcaldiademara1@protonmail.com	3	ZP350000-14	2023-05-15	EVALUACION	792	792
YOENNIS OCALIN	BARRIENTOS GONZALEZ	V	15562164	JEFE COMPRAS	02628721731	04121024907	00	2023-03-21	1131	alcaldiademara2@protonmail.com	3	ZP350000-14	2023-05-15	PROGRAMACION	793	793
LILIANA MARIA	HERNANDEZ CASTILLO	V	12854642	SECRETARIA PRINCIPAL	02455522046	04145818839	00	2023-05-05	6225	contratacionesalcaldiasanjoaq2@protonmail.com	3	ZP350000-6	2023-05-15	SECRETARIA	794	794
JAZMIN MARIA	CABEZO CRESPO	V	11195509	CUENTADANTE DE LA ALCALDIA	02455522046	04128823906	00	2023-05-05	6225	contratacionesalcaldiasanjoaq3@protonmail.com	3	ZP350000-6	2023-05-15	PROGRAMACION	795	795
FRANCIS MILAGROS DEL CARMEN	ROJAS GOYO	V	25981022	SECRETARIA PRINCIPAL	00	04140456361	04144331445	2023-04-18	6206	contraloriasanjoaquin@protonmail.com	3	ZP350000-15	2023-05-15	SECRETARIA	796	796
YOMAIRA JOAQUINA	BAUTISTA RUIZ	V	23430690	DIRECTORA ADMINISTRACION	00	04124351214	04140456361	2023-04-18	6205	contraloriasanjoaquin1@protonmail.com	3	ZP350000-15	2023-05-15	PROGRAMACION	797	797
NORKA DISNEY	GONZALEZ MENDEZ	V	15604701	SECRETARIA DE LA COMISION DE CONTRATACIONES	02432311264	04143779293	00	2022-07-07	42.068	norgonza@bcv.gob.ve	3	AV560013	2023-05-15	CASA DE LA MONEDA MARACAY	798	798
RICHARD	PERNIA ZAMBRANO	V	13000365	SECRETARIO PRINCIPAÑ	02126624614	04143977441	00	2023-05-12	41.257	vpsspsp@proton.me	3	AR520000	2023-05-15	SECRETARIA	799	799
ADELVIS CAROLINA	VILLALBA M	V	16311321	SECRETARIA PRINCIPAL	02916404434	04249317819	00	2023-03-30	23-045	villalbaas@pdvsa.com	3	ZP350000-16	2023-05-16	SECRETARIA	800	800
DINAYKA	PEREZ	V	11198308	SECRETARIA DE COMISION	02127079308	04166186363	00	2023-05-05	6.731	perezdar@pdvsa.com	3	ZP350000-16	2023-05-17	MERCADO NACIONAL METROPOLITANO	802	802
IVELISSE IGNACIA	CASTILLO AVILA	V	12037163	SECRETARIA DE COMISION	02418203158	04124151386	00	2023-05-05	6.731	CASTILLOlll@pdvsa.com	3	ZP350000-16	2023-05-17	MERCADO NACIONAL DEL CENTRO	803	803
LEYDI	LOPEZ	V	17235102	SECRETARIA DE COMISION	02812607184	04160820977	00	2023-05-05	6.731	castillollll@pdvsa.com	3	ZP350000-16	2023-05-17	MERCADO NACIONAL ORIENTE	804	804
NADESDA	DIAZ	V	9763189	SECRETARIA DE COMISION	02618060210	04146333406	00	2023-04-24	6.731	diaznf@pdvsa.com	3	ZP350000-16	2023-05-17	MERCADO NACIONAL OCCIDENTE	806	806
LUISMER KAROLINNA	GOMEZ VIERA	V	24913980	SECRETARIA DE LA COMISION 	02418743006	04121447439	00	2023-05-10	2599	contratacionespublicasgec@proton.me	3	ZP350000-17	2023-05-17	SECRETARIA	810	810
LUIS	URQUIA MARCANO	V	15951136	DIRECTOR EJECUTIVO DE ADQUISICIONES	02418742703	04122461704	00	2023-05-10	2599	gobernacionedocarabobo@protonmail.com	3	ZP350000-17	2023-05-17	PROGRAMACION	811	811
MARISELA	FREIITEZ	V	13032859	SECRETARIA DE LA COMISION	02512336360	04245557128	00	2023-05-11	4808	comisionalciribarren@protonmail.com	3	ZP350000-18	2023-05-17	SECRETARIA	812	812
VIRNAN	ESCORIHUELA	V	13455475	SECRETARIA DE COMISION	02127079202	04265168309	00	2023-05-05	6.731	escorihuelav@pdvsa.com	3	ZP350000-16	2023-05-17	MERCADO NACIONAL METROPOLITANO	809	809
DANILO	GONZALEZ	V	15372872	SECRETARIA DE COMISION	02869586496	04148862240	00	2023-04-24	6.731	CASTILLOll@pdvsa.com	3	ZP350000-16	2023-05-17	VICEPRESIDENCIA DE COMERCIO Y SUMINISTRO NACIONAL	801	801
MARIA	SEPULVEDA	V	13004837	SECRETARIA DE COMISION	02455915415	04128422381	00	2023-04-24	6.731	SEPULVEDAM@PDVSA.COM	3	ZP350000-16	2023-05-17	COMERCIO Y SUMINISTRO NACIONAL	805	805
OLGA	LEON	V	15569009	SECRETARIA DE COMISION	02812603470	04166803295	00	2023-05-05	6.731	notiene@a.com	3	ZP350000-16	2023-05-17	COMERCIO Y SUMINISTRO NACIONAL	807	807
ROSMELYS	GARCIA	V	16708144	SECRETARIA DE COMISION	02618060210	04146059640	00	2023-04-24	6.731	garciarwt@pdvsa.com	3	ZP350000-16	2023-05-17	MERCADO NACIONAL GUAYANA	808	808
ADRIANA	ROJAS	V	19800364	SECRETARIA DE COMISION	02869556948	04149923738	00	2023-04-24	6.731	zabaletaf@pdvsa.com	3	ZP350000-16	2023-05-18	SECRETARIA	813	813
TAIDY MAGDALENA	LOPEZ CARRASCO	V	4324767	JEFE DE DIVISION DE COMPRAS Y SUMINISTRO	ZULIA	04146174414	04146174414	2023-03-29	00000	divisioncomprassayf@prontomail.com	3	ZP350000-36	2023-03-29	CARGA DE PROGRAMACION	135	77
VICTORIA JOSEFINA	DE OLIVEIRA ALBINO	V	8288161	ANALISTA DE PRESUPUESTO	02812808835	04141908668	00	2023-03-28	209	deoliveira@pdvsa.com	3	ZP350000-19	2023-05-19	SECRETARIA	814	814
ROSIO DEL VALLE	FRONTADO MARCANO	V	12223567	ANALISTA DE CONTRATACION	02816008337	04166917722	00	2023-04-05	209	frontadors@pdvsa.com	3	ZP350000-19	2023-05-19	PROGRAMACION	815	815
DEISY	MARTINS	V	17173052	SECRETARIA DE LA COMISION	02417000731	04244711896	00	2023-05-04	096-2320	contrataciones@alcaldiadesandiego.gob	3	V6545321-1	2023-05-19	SECRETARIA	818	818
ROSELYN	CHAIVEZ CARVELLI	V	14464603	JEFE CONTRATACIONES PUBLICAS	02417000700	04144266496	00	2023-05-04	023-3230	contrataciones@alcaldiasandiego.com	3	V6545321-1	2023-05-19	CONSULTA	819	819
YOJANNA DEL CARMEN	GIL LOPEZ	V	17617151	SECRETARIA COMISION CONTRATACION	02572511666	04129482156	00	2022-10-14	028-2022	contrataciones@alcaldiaguanare.gob	3	V6545321-2	2023-05-19	SECRETARIA	820	820
KARLA YAMELI	ALFONZO SANCHEZ	V	18609528	SECRETARIA PRINCIPAL	00	02125973300	00	2022-12-06	42.530	kalfonzo@pgr.gob.ve	3	K200000	2023-05-22	SECRETARIA	822	822
ZULAY COROMOTO	SUAREZ DE HERNANDEZ	V	7154423	SECRETARIA PRINCIPAL	02415149372	04244240253	00	2023-01-30	96-0237	cmdnnasd2000@tutanota.com	3	763	2023-05-22	SECRETARIA	823	823
MARITER	ACOSTA	V	18858590	SECRETARIA COMISION CONTRATACIONES	02418710269	04128835202	00	2023-02-08	0027	empresamunicipalsandiego@protonmail.com	3	764	2023-05-22	SECRETARIA	824	824
ARLENYS BEATRIZ	GONZALEZ SILVA	V	12041765	SECRETARIA DE LA COMISION	00	04164553616	04127949695	2023-04-04	453	cortubarca@proton.me	3	765	2023-05-22	SECRETARIA	825	825
ELIZABETH	ALVARADO	V	12041765	GERENTE DE ADMINISTRACION	00	04164553616	04127949695	2023-04-04	453	cortubarca2@proton.me	3	765	2023-05-22	PROGRAMACION	826	826
CARMEN	ROJAS	V	5886747	DIRECTORA GESTION ADMINISTRATIVA	02122779428	04124178363	00	2023-05-10	23-763	lourald12@proton.me	3	L210016	2023-05-22	PROGRAMACION	827	827
ANDREINA	RONDON ROSARIO	V	16332479	SECRETARIA DE LA COMISION DE CONTRATACIONES	02129057093	04122170208	04248348087	2023-01-13	93-0053	contrataciones.chacao@proton.me	3	765-1	2023-05-22	SECRETARIA	828	828
ROXANA MARYLIN	RAMOS BARRIOS	V	8401710	SECRETARIA DE LA COMISION	02129630414	04122705836	00	2023-05-11	330-2021	cpcalcaldiaelhatillo@alcaldiaelhatillo.gob.ve	3	765-2	2023-05-22	SECRETARIA	829	829
JHONAN DANIEL	MONZON CASTILLO	V	18907535	JEFE DE PROYECTOS VIALES	00	04124407895	00	2023-05-05	9025	ingenieriainvialca@proton.me	3	768	2023-05-22	CONSULTA	830	830
MARIA PETRELLA	GERMANO	V	11350968	DIRECTORA DE ADMINISTRACION Y FINANZAS	00	04144348499	00	2023-05-05	9025	invialca.administracionyfinanzas@protonmail.com	3	768	2023-05-22	PROGRAMACION	831	831
NORMA MERCEDES	GRUDAS GRUDAS	V	04124505436	JEFE DE CONTRATACIONES	00	04124505436	00	2023-05-05	9025	invialcacontrataciones@proton.me	3	768	2023-05-22	SECRETARIA	832	832
YELITZA DEL CARMEN	MARTINEZ DIAZ	V	13801945	ANALISTA ENLACE APOYO A COMISIONES	02127084069	04241673971	02127084074	2023-03-28	6.731	martinezyi@pdvsa.com	3	ZP350000-1	2023-05-23	SECRETARIA	833	833
rosanna	rosanna	\N	V6338486	\N	\N	\N	\N	\N	\N	rosannatorrieri14@gmail.com	\N	\N	2023-05-23	\N	834	834
Dennison	Dennison	\N	18490370V	\N	\N	\N	\N	\N	\N	denngonzalez07@gmail.com	\N	\N	2023-05-23	\N	835	835
Víctor	Víctor	\N	V6332264	\N	\N	\N	\N	\N	\N	vitorjlgarcia@hotmail.com	\N	\N	2023-05-24	\N	836	836
Adan	Adan	\N	16045964	\N	\N	\N	\N	\N	\N	adanmr4545@gmail.com	\N	\N	2023-05-24	\N	837	837
JOSELINA	GONZALEZ GUERRA	V	5909675	SECRETARIA DE COMISION PRINCIPAL	02812802418	04248210461	00	2023-03-29	23-002	gonzalezjip@petrocedeno.pdvsa.com	3	772	2023-05-24	SECRETARIA	838	838
MARIO	MARIO	\N	V31711164	\N	\N	\N	\N	\N	\N	infosucrenet@gmail.com	\N	\N	2023-05-24	\N	839	839
MARIA ALEJANDRA 	FLORES CASNOVA	V	26249390	SECRETARIA SUPLENTE	02812802225	04264973880	00	2023-03-29	23-002	floresmah@petrocarabobo.pdvsa.com	3	772	2023-05-24	PE	840	840
MIRIAM DIGNORA	GOMEZ CHIRINO	V	9811311	SUP TESORERIA	02812802339	04246350687	00	2023-03-29	23-002	gomezmy@petrocedeno.pdvsa.com	3	772	2023-05-24	PE	841	841
YOMAIRA CAROLINA	PINEDA MORALES	V	16259588	ASISTENTE ADMINISTRATIVO	02735324231	04245291875	00	2023-05-09	186-2022	siotadministracion@proton.me	3	ZP350000-13	2023-05-12	CONSULTA	787	787
Lenin	Lenin	\N	V6277520	\N	\N	\N	\N	\N	\N	Adm.TuMundoIndustrial@hotmail.com	\N	\N	2023-05-24	\N	842	842
Lexssy	Lexssy	\N	V12485882	\N	\N	\N	\N	\N	\N	lylh1529@gmail.com	\N	\N	2023-05-24	\N	843	843
JAVIELA	CARRASQUEL	V	20208492	SECRETARIA DE LA COMISIOn	02122855684	04241961557	00	2023-05-10	41.612	comisionescontratacionescmch@proton.me	3	776	2023-05-24	SECRETARIA	844	844
LISSETTE	COVA	V	12357087	DIRECTORA DE ADMINISTRACION	02122855684	04149186572	00	2023-05-04	41.612	comprascmch2016@proton.me	3	776	2023-05-24	PE	845	845
JUAN V	SANTANA	V	10756609	SECRETARIA PRINCIPAL	02824202636	04248926628	00	2023-05-05	2023-0022	garciacth@pdvsa.com	3	778	2023-05-24	CONTRATACION ORIENTE	848	848
ALELI DEL CARMEN	FRANCO ARIAS	V	18061081	SECRETARIA PRINCIPAL COMISION	02818068218	04127736044	00	2023-05-05	2023-022	francoadx@pdvsa.com	3	778	2023-05-24	CONTRATACION OCCIDENTE	849	849
MONICA RICARDA	DIAZ GARCIA	V	4266162	SECRETARIA PRINCIPAL COMISION	02127083412	04242004110	00	2023-05-10	2023-0022	diazmay@pdvsa.com	3	778	2023-05-24	COMISION METROCENTRO	850	850
MARIA EMILIA	DELGADO RODRIGUEZ	V	14498784	SECRETARIA COMISION	02834307268	04121979161	00	2023-04-05	2023-0022	delgadomex@pdvsa.com	3	778	2023-05-24	SECRETARIA	851	851
Jessicka	Jessicka	\N	V18914344	\N	\N	\N	\N	\N	\N	jcmconsultores2021@gmail.com	\N	\N	2023-05-24	\N	852	852
JEANNELLY	MARTINEZ	V	16221099	SECRETARIA DE LA COMISION DE CONTRATACIONES	04269826235	04166867588	04120399067	2023-05-04	3028	consejolegislativobolivar@protonmail.com	3	V-1	2023-05-24	SECRETARIA	854	854
Jesus	Jesus	\N	V5580368	\N	\N	\N	\N	\N	\N	jesusrafael25@gmail.com	\N	\N	2023-05-24	\N	855	855
YAMELYS	GARCIA	V	7524111	JEFE DE CONTRATACIONES PUBLICAS	02417000077	04165405080	00	2023-05-04	96-0237	vialsandi@protonmail.com	3	782	2023-05-24	SECRETARIA	857	857
GLENYS GLADYS	GOMEZ CASSERES	V	11858348	SECRETARIA DE COMISION	02418710354	04246002869	00	2023-05-16	96-0237	comisioniamfumcosandi@proton.me	3	784	2023-05-24	SECRETARIA	858	858
MAIRA MAIGUALIDA	CRESPO CANINO	V	7057791	JEFE DE OFICINA ADMINISTRACION	02418710354	04144138515	00	2023-05-16	96-0237	comisioniamfumcosandi2@proton.me	3	784	2023-05-24	PE	859	859
Garúa	Garúa	\N	J40974911	\N	\N	\N	\N	\N	\N	Garuagroup@gmail.com	\N	\N	2023-05-24	\N	860	860
Garúa	Garúa	\N	409749118	\N	\N	\N	\N	\N	\N	Garuaconsultores@gmail.com	\N	\N	2023-05-24	\N	862	862
JESUS	JESUS	\N	V15837429	\N	\N	\N	\N	\N	\N	jesuscolls3@gmail.com	\N	\N	2023-05-25	\N	863	863
JESUS	JESUS	\N	V15837429	\N	\N	\N	\N	\N	\N	jesuscolls3@gmail.com	\N	\N	2023-05-25	\N	864	864
JOSE LUIS	GAVIDIA CAMARILLO	V	12143719	SECRETARIO PRINCIPAL	02617921440	04143633849	026179421532	2023-03-29	331-2019	gavidiaj@pdvsa.com	3	ZP350000-11	2023-05-26	SECRETARIA	867	867
RUTHBELL	LEMUS	V	000000	SECRETARIA DE LA COMISION	02812802102	04129471508	02812802513	2023-05-23	627-2022	lemusr@pdvsa.com	3	790	2023-05-26	SECRETARIA	868	868
Ramon	Ramon	\N	304354487	\N	\N	\N	\N	\N	\N	apsconsultores@yahoo.com	\N	\N	2023-05-26	\N	869	869
EUCARIS KARINA	SANCHEZ MONTERO	V	20293586	ANALISTA REGISTRO CONTRATISTA	02423604528	04128640201	00	2023-04-04	2023-002	sanchezenm@pdvsa.com	3	ZP350000-16	2023-05-26	REFINERIA EL PALITO	870	870
YULIANA ISABEL	CORDOVA MAZA	V	22512825	ANALISTA SECRETARIA DE COMISION Y LICITACIONES	02423603483	04124163669	00	2023-04-04	2023-002	mazayn@pdvsa.com	3	ZP350000-16	2023-05-26	REFINERIA EL PALITO	871	871
ARGENIS GREGORIO	NAVARRO	V	19785579	SECRETARIO PRINCIPAL EYP DIVISION JUNIN	02832302088	04126954745	00	2023-05-09	2022-026	navarroagx@pdvsa.com	3	ZP350000-1	2023-05-26	YEP DIVISION JUNIN	872	872
SULETZA MARIA	MILLAN CHARMEL	V	1060863	SECRETARIO ALTERNO DE LA COMISION	02832302088	04248861803	00	2023-05-09	2022-026	millansp@pdvsa.com	3	ZP350000-1	2023-05-26	EYP DIVISION JUNIN	873	873
ALEXIS	ALEXIS	\N	V17883086	\N	\N	\N	\N	\N	\N	alexisquinonesmoreno@gmail.com	\N	\N	2023-05-26	\N	874	874
elvis	elvis	\N	V7951578	\N	\N	\N	\N	\N	\N	ejsalazarh27@gmail.com	\N	\N	2023-05-26	\N	875	875
GILBERTO	GARCIA	V	18511565	SECRETARIO COMISION	02127095536	04166840972	00	2023-05-26	76-0425	gjgarcia@seniat.gob.ve	3	AV560003	2023-05-26	SECRETARIA	876	876
FRAY	DIAZ	V	10811033	JEFE DE LA DIVISION DE ADMINISTRACION	02127094737	04141108845	00	2023-05-26	76-0425	ffdiaz@seniat.gob.ve	3	AV560003	2023-05-26	EVALUACIONES	877	877
NISSY	BRICEÑO RUIZ	V	12433501	GERENTE FINANCIERO	02127094041	04142177348	00	2023-05-26	76-0425	nybriceno@seniat.gob.ve	3	AV560003	2023-05-26	PE	878	878
MARIELA	CHACON MARTINEZ	V	6019460	GERENTE DE PLANIFICACION TECNOLOGICA	02127095536	04126217324	00	2023-05-26	76-0425	mchacon@seniat.gob.ve	3	AV560003	2023-05-26	CONSULTA	879	879
ALEXANDRA	BULE	V	11343991	ASISTENTE EJECUTIVO DE LA GERENCIA	02127094342	04166130448	00	2023-05-26	76-0425	asaad@seniat.gob.ve	3	AV560003	2023-05-26	CONSULTA	880	880
Jhon	Jhon	\N	V-1721173	\N	\N	\N	\N	\N	\N	Jc_3271@hotmail.com	\N	\N	2023-05-29	\N	886	886
Jhon	Jhon	\N	V17211733	\N	\N	\N	\N	\N	\N	Jhonmata10@gmail.com	\N	\N	2023-05-29	\N	887	887
MARIA G	BUTRON	V	11873525	JEFE DE PROGRAMAS SOCIALES	04146519901	04146939598	00	2023-04-14	76-0425	fadezul2022@gmail.com	3	797	2023-05-29	PE	888	888
ANDREW	ANDRADE	V	27177104	GERENTE DE ADMINISTRACION	02122638638	04128149068	00	2023-04-24	230427-001	fcem@protonmail.com	3	798	2023-05-29	PE	889	889
SORAD	SORAD	\N	V17889658	\N	\N	\N	\N	\N	\N	sorad3110@gmail.com	\N	\N	2023-05-29	\N	890	890
ILIANA	MONSALVE	V	11766793	SECRETARIA COMISION	02122638638	04126394845	00	2023-05-02	163	fcem2@protonmail.com	3	798	2023-05-29	SECRETARIA	891	891
LOURDES FELICIANA	GAMEZ OTTAMENDY	V	16544324	SECRETARIA COMISION	02129586701	04241163867	00	2023-05-09	6.751	cuentadantebbp@proton.me	3	AV560018	2023-05-29	SECRETARIA	892	892
WILMER ALFREDO	GALAN CARRILLO	V	14806916	VICEPRESIDENTE DE ADMINISTRACION	02129586701	04129398492	00	2023-05-09	6.571	wilmer.galan@bicentenariobu.com.ve	3	AV560018	2023-05-29	CONSULTA	893	893
LUZ DE AMERICA	SANCHEZ ESTEVEZ	V	12927198	SECRETARIA COMISION	02124084602	04243482627		2023-05-22	23-818	lsanchez@cne.gob.ve	3	B110000	2023-05-29	SECRETARIA	894	894
KATIUSKA FERNANDA	RIVERO SANTOS	V	10346064	DIRECTORA GENERAL DE ADMINISTRACION	02124081525	04143971748	00	2023-05-22	23-818	krivero@cne.gob.ve	3	B110000	2023-05-29	PE	895	895
DANNY JOHAN	LUZARDO PRIMERA	V	15987152	SECRETARIO DE LA COMISION	02618065238	04246040066	00	2023-05-03	2018-0015	luzardodn@pdvsa.com	3	800	2023-05-29	SECRETARIA	896	896
LUISA ROSA	URRIBARRI ARRAIZ	V	12712498	SECRETARIA PRINCIPAL	02642400337	04126585043	00	2023-03-28	2023-0056	comipcab@pdvsa.com	3	801	2023-05-29	SECRETARIA	897	897
AIMET NAYESKA	ROJAS NUÑEZ	V	25614136	SECRETARIA PRINCIPAL	02812805154	04128349728	00	2023-04-26	238-2019	comisioncontratacionmayor@petrocedeno.pdvsa.com	3	802	2023-05-29	SECRETARIA	898	898
ANGELA AURORA	VILLALOBOS	V	9706743	JEFE DIVISION DE CONTRATACIONES	02617347504	04246407052	00	2023-03-30	76-0425	ingcivil_angela@protonmail.com	3	803	2023-05-29	PE	899	899
CARMEN ISMENIA	DOS RAMOS ACOSTA	V	6337622	SECRETARIA DE COMISION	02763476036	04247070186	00	2023-05-17	085	contrataciones@alcaldiasancristobal.com.ve	3	803-1	2023-05-29	SECRETARIA	900	900
Pedro	Pedro	\N	V15637989	\N	\N	\N	\N	\N	\N	geologgingcorp@gmail.com	\N	\N	2023-05-29	\N	901	901
Victor	Victor	\N	V15279743	\N	\N	\N	\N	\N	\N	inv.vytza@gmail.com	\N	\N	2023-05-29	\N	902	902
Jackson	Jackson	\N	V15294594	\N	\N	\N	\N	\N	\N	jacksonparedes82@gmail.com	\N	\N	2023-05-30	\N	903	903
Jackson	Jackson	\N	V15294594	\N	\N	\N	\N	\N	\N	jacksonparedes82@gmail.com	\N	\N	2023-05-30	\N	904	904
DIVA CAROLINA	DUQUE RAMIREZ	V	14042398	DIRECTORA ADMINISTRACION	02123726775	04241020777	00	2023-02-15	84-014	divacduquer@proton.me	3	V15279743-1	2023-05-30	CARGA EVALUACION	905	905
GRECIA EDDANY	CRUZ RAMOS	V	5098724	DIRECTORA DE COMPRAS	02123726775	04120144724	00	2023-02-15	84-014	greciaeddanycruz@proton.me	3	V15279743-1	2023-05-30	PROGRAMACION	906	906
JUAN ANTONIO	MENDOZA RODRIGUEZ	V	11035498	DIRECTOR DE INGENIERIA MUNICIPAL	02123726775	04129208867	00	2023-02-15	84-014	juanantoniomendoza@proton.me	3	V15279743-1	2023-05-30	CARGA EVALUACION	907	907
MARIA CRISTINA	IOANNONE CORDOVEZ	V	8683604	SECRETARIA DE LA COMISION	02123726775	04149118011	00	2023-02-15	84-014	contratacionlossalias@proton.me	3	V15279743-1	2023-05-30	SECRETARIA	908	908
SARA DEL CARMEN	MEDINA PERICHI	V	6461208	DIRECTORA GENERAL	02123726775	04143376426	00	2023-02-15	84-014	saradelcmedinap@protonmail.com	3	V15279743-1	2023-05-30	CONSULTA	909	909
ALTSETTE	SANCHEZ	V	11424105	JEFE DE CONTRATACIONES	04146512943	04146512943	00	2023-05-15	76-0425	fundapaez22@protonmail.com	3	809	2023-05-30	SECRETARIA	910	910
MIRIAM RAFAELA	LISCANO	V	7980897	SECRETARIA COMISION	02124096509	04120482302	04242591822	2023-05-22	42.542	miriamliscano@an.gob.ve	3	809-1	2023-05-30	SECRETARIA	911	911
MARYORI	MUÑOZ	V	14351074	JEFA DE COMPRAS	02124097229	04127380933	00	2023-05-22	42.542	maryurimunz@an.gob.ve	3	809-1	2023-05-30	PE	912	912
\.


--
-- TOC entry 3523 (class 0 OID 41909)
-- Dependencies: 320
-- Data for Name: perfil; Type: TABLE DATA; Schema: seguridad; Owner: postgres
--

COPY seguridad.perfil (id_perfil, nombrep, menu_rnce, menu_progr, menu_eval_desem, menu_reg_eval_desem, menu_soli_anular_eval_desem, menu_proc_anular_eval_desem, menu_comprobante_eval_desem, menu_estdi_eval_desem, menu_noregi_eval_desem, menu_llamado, consultar_llamado, reg_llamado, anul_llamado, ver_anul_llamado, ver_rnc, ver_conf, ver_parametro, ver_conf_publ, ver_user, ver_user_exter, ver_user_desb, ver_user_lista, ver_user_perfil, fecha_creacion, menu_anulacion, menu_repor_evalu, certi_externo, menu_certi, certificacion) FROM stdin;
5	Analista_snc	1	1	1	1	1	1	1	1	1	1	1	1	1	1	1	0	0	0	0	0	0	0	0	2022-11-27	1	1	\N	\N	\N
7	Cuentadante	1	1	1	1	1	0	1	1	0	1	1	1	1	0	1	0	0	0	0	0	0	0	0	2022-11-27	1	1	\N	\N	\N
1	Master	1	1	1	1	1	1	1	1	1	1	1	1	1	1	1	1	1	1	1	1	1	1	1	2020-02-01	1	1	0	1	1
8	certificacion	0	0	0	0	0	\N	\N	\N	\N	\N	\N	\N	\N	\N	\N	\N	\N	\N	\N	\N	\N	0	\N	\N	\N	\N	1	1	0
10	Programacion	1	1	0	0	0	0	0	0	0	0	0	0	0	0	0	0	0	0	0	0	0	0	0	2023-03-21	0	0	\N	\N	\N
2	Consulta Contratista	0	0	0	0	0	0	0	0	0	0	0	0	0	0	1	0	0	0	0	0	0	0	0	2023-03-22	0	0	\N	\N	\N
11	CARGA EVALUACION	1	0	1	1	1	0	1	0	0	0	0	0	0	0	0	0	0	0	0	0	0	0	0	2023-03-22	1	1	\N	\N	\N
9	Analista_chataito	0	0	0	0	0	0	0	0	0	0	0	\N	0	0	1	0	0	0	0	0	0	0	0	\N	0	0	0	1	1
6	Secretaria	1	1	1	1	1	0	1	1	0	1	1	1	1	0	1	0	0	0	0	0	0	0	0	2022-11-27	1	1	\N	\N	\N
4	Tecnico1	0	0	0	0	0	0	0	0	0	0	0	0	0	0	0	1	0	0	1	1	1	1	0	2020-02-01	0	0	\N	\N	\N
12	Llamado a Concurso	1	0	0	0	0	0	0	0	0	1	1	1	1	0	0	0	0	0	0	0	0	0	0	2023-05-05	0	0	\N	\N	\N
13	p_e	1	1	1	1	1	0	1	0	0	0	0	0	0	0	1	0	0	0	0	0	0	0	0	2023-05-23	1	1	\N	\N	\N
\.


--
-- TOC entry 3520 (class 0 OID 41894)
-- Dependencies: 317
-- Data for Name: usuarios; Type: TABLE DATA; Schema: seguridad; Owner: postgres
--

COPY seguridad.usuarios (id, nombre, password, email, perfil, foto, estado, ultimo_login, fecha, intentos, unidad, fecha_update, id_estatus, rif_organoente) FROM stdin;
29	AGuarema	$2y$10$rA0SXoto1AmWeYF8hSJaJOaOUUImoMXFh7i9XFrU7e0RFydJggKse	wprodrigu97ez@sudeaseg.com	7	2	1	2021-01-26 04:10:49.933315	2021-01-26 04:10:49.933315	1	T290013	\N	1	G200100249
12	Yfranco	$2y$10$rA0SXoto1AmWeYF8hSJaJOaOUUImoMXFh7i9XFrU7e0RFydJggKse	yulimar.franco@bicentenariobu.com	7	2	1	2021-01-26 04:10:49.933315	2021-01-26 04:10:49.933315	1	AV560018	\N	1	G200091487
15	DPeper	$2y$10$rA0SXoto1AmWeYF8hSJaJOaOUUImoMXFh7i9XFrU7e0RFydJggKse	dpeper@seniat.gob.ve	7	2	1	2021-01-26 04:10:49.933315	2021-01-26 04:10:49.933315	1	AV560003	\N	1	G200003030
16	MMosquera	$2y$10$rA0SXoto1AmWeYF8hSJaJOaOUUImoMXFh7i9XFrU7e0RFydJggKse	mmosquera@seniat.gob.ve	7	2	1	2021-01-26 04:10:49.933315	2021-01-26 04:10:49.933315	1	AV560003	\N	1	G200003030
11	Ralvarez	$2y$10$rA0SXoto1AmWeYF8hSJaJOaOUUImoMXFh7i9XFrU7e0RFydJggKse	ralvarez@snc.gob.ve	5	2	1	2021-01-26 04:10:49.933315	2021-01-26 04:10:49.933315	1	G160000	\N	1	G200024518
17	NRoman	$2y$10$rA0SXoto1AmWeYF8hSJaJOaOUUImoMXFh7i9XFrU7e0RFydJggKse	nroman@seniat.gob.ve	7	2	1	2021-01-26 04:10:49.933315	2021-01-26 04:10:49.933315	1	AV560003	\N	1	G200003030
10	servicio	$2y$10$HvFKI0m6jBZ9By41W0O4A.peZrP1DJffhIg4O0hvFtJiuJAfqk3Yu	snc@contrata.gob.ve	7	2	1	2020-12-22 10:12:01	2020-12-22 00:00:00	1	T290013	\N	1	G200100249
18	LGamez	$2y$10$rA0SXoto1AmWeYF8hSJaJOaOUUImoMXFh7i9XFrU7e0RFydJggKse	lagamez@seniat.gob.ve	7	2	1	2021-01-26 04:10:49.933315	2021-01-26 04:10:49.933315	1	AV560003	\N	1	G200003030
19	EDasilva	$2y$10$rA0SXoto1AmWeYF8hSJaJOaOUUImoMXFh7i9XFrU7e0RFydJggKse	edasilva@inces.gob.ve	7	2	1	2021-01-26 04:10:49.933315	2021-01-26 04:10:49.933315	1	E140001	\N	1	G200099224
26	OLozano	$2y$10$rA0SXoto1AmWeYF8hSJaJOaOUUImoMXFh7i9XFrU7e0RFydJggKse	wpr12odriguez@sudeaseg.com	7	2	1	2021-01-26 04:10:49.933315	2021-01-26 04:10:49.933315	1	T290013	\N	1	G200100249
20	LMedina	$2y$10$rA0SXoto1AmWeYF8hSJaJOaOUUImoMXFh7i9XFrU7e0RFydJggKse	Ljmedina@inces.gob.ve	7	2	1	2021-01-26 04:10:49.933315	2021-01-26 04:10:49.933315	1	E140001	\N	1	G200099224
21	MHernandez	$2y$10$rA0SXoto1AmWeYF8hSJaJOaOUUImoMXFh7i9XFrU7e0RFydJggKse	Marco.hernandez@minpal.gob.ve	7	2	1	2021-01-26 04:10:49.933315	2021-01-26 04:10:49.933315	1	T290000	\N	1	G200043270
27	FPadron	$2y$10$rA0SXoto1AmWeYF8hSJaJOaOUUImoMXFh7i9XFrU7e0RFydJggKse	wpro14driguez@sudeaseg.com	7	2	1	2021-01-26 04:10:49.933315	2021-01-26 04:10:49.933315	1	T290013	\N	1	G200100249
28	LBerroteran	$2y$10$rA0SXoto1AmWeYF8hSJaJOaOUUImoMXFh7i9XFrU7e0RFydJggKse	wp89rodriguez@sudeaseg.com	7	2	1	2021-01-26 04:10:49.933315	2021-01-26 04:10:49.933315	1	T290013	\N	1	G200100249
23	RGonzalez	$2y$10$rA0SXoto1AmWeYF8hSJaJOaOUUImoMXFh7i9XFrU7e0RFydJggKse	roxana.gonzalez@bt.gob.ve	7	2	1	2021-01-26 04:10:49.933315	2021-01-26 04:10:49.933315	1	AV560017	\N	1	G200051876
24	LYajure	$2y$10$rA0SXoto1AmWeYF8hSJaJOaOUUImoMXFh7i9XFrU7e0RFydJggKse	noposee.gob.ve	7	2	1	2021-01-26 04:10:49.933315	2021-01-26 04:10:49.933315	1	AV560017	\N	1	G200051876
25	WRodriguez	$2y$10$rA0SXoto1AmWeYF8hSJaJOaOUUImoMXFh7i9XFrU7e0RFydJggKse	wprodriguez@sudeaseg.com	7	2	1	2021-01-26 04:10:49.933315	2021-01-26 04:10:49.933315	1	AV560036	\N	1	G200080477
22	AInfante	$2y$10$AB5tKQcehlepRN9sNzqT5eyvHfw3ftu.dWYySO2/MpU5DVQfGuP7a	antonio.infante@bt.gob.ve	7	2	1	2021-01-26 04:10:49.933315	2021-01-26 04:10:49.933315	1	AV560017	2021-06-03 09:42:14	1	G200051876
41	Aurrea	$2y$10$rA0SXoto1AmWeYF8hSJaJOaOUUImoMXFh7i9XFrU7e0RFydJggKse	tt@snc.gob.ve	7	2	1	2021-06-03 09:13:40.190402	2021-06-03 09:13:40.190402	1	N23002	\N	1	G200080507
42	Tsulbaran	$2y$10$rA0SXoto1AmWeYF8hSJaJOaOUUImoMXFh7i9XFrU7e0RFydJggKse	tr@snc.gob.ve	7	2	1	2021-06-03 09:13:40.190402	2021-06-03 09:13:40.190402	1	N23002	\N	1	G200080507
43	Llezama	$2y$10$rA0SXoto1AmWeYF8hSJaJOaOUUImoMXFh7i9XFrU7e0RFydJggKse	tre@snc.gob.ve	7	2	1	2021-06-03 09:13:40.190402	2021-06-03 09:13:40.190402	1	N23002	\N	1	G200080507
44	Yrumbos	$2y$10$rA0SXoto1AmWeYF8hSJaJOaOUUImoMXFh7i9XFrU7e0RFydJggKse	ytr@snc.gob.ve	7	2	1	2021-06-03 09:13:40.190402	2021-06-03 09:13:40.190402	1	N23002	\N	1	G200080507
45	Mlozada	$2y$10$rA0SXoto1AmWeYF8hSJaJOaOUUImoMXFh7i9XFrU7e0RFydJggKse	uyf@sudeaseg.com	7	2	1	2021-06-03 09:13:40.190402	2021-06-03 09:13:40.190402	1	N23002	\N	1	G200080507
115	SnC1417**	$2y$10$YxyaeEqp/3mnKDWYoxTW5O8oo7vi0GlwIDf3/L9IL9Gw3vqq0nTQC	SIL@GMAIL.COM	5	2	1	2023-03-14 00:00:00	2023-03-14 00:00:00	0	G160000	2023-03-14 00:00:00	1	G200024518
118	Yelis1417*	$2y$10$9RRpji3cJdlhNNzayguFDOaKXaTefX1iexW7tTBqGGntoQ.3sXpg.	234@petro.gob.ve	6	2	1	2023-03-20 00:00:00	2023-03-20 00:00:00	0	ZP350000-1	2023-03-20 00:00:00	1	J298998156
133	J001039090e2*	$2y$10$uW43X2M0ti6JDSlFCvO4peJrBfRXqp1fMZ7uyB4lpUlBeU3lljDyC	contratacionescametro8@protonmail.com	11	2	1	2023-03-27 00:00:00	2023-03-27 00:00:00	0	AT540008 	2023-03-27 00:00:00	1	J1039090
40	Ygavides	$2y$10$EP3uMIovApJpKlVr6opaS.qDA.S3AvNuyDi5MS66K5g51VZSGLzoy	lvarez@nc.gob.ve	7	2	1	2021-04-28 23:16:48.437521	2021-04-28 23:16:48.437521	0	ZP350000	2023-01-15 11:56:06	1	G0
107	G200090537e*	$2y$10$V2q2a6oi1dwvU9AjXeoWcu573ClmBzoW/8rhaNh6Lw8Y4zhQqGRai	ybravo@snc.gob.ve	7	2	1	2022-11-25 00:00:00	2022-11-25 00:00:00	0	AT540029 	2023-01-15 00:00:00	1	G200090537
39	Fcortez	$2y$10$EP3uMIovApJpKlVr6opaS.qDA.S3AvNuyDi5MS66K5g51VZSGLzoy	lvarez@nc.gob.ve	7	2	1	2021-04-28 23:13:48.672742	2021-04-28 23:13:48.672742	3	ZP350000	2023-01-15 11:55:26	1	G0
111	G200107391e*	$2y$10$Wh8DdnMayToJZ8Tgh.X1YeVF2pD1ey8iyN1hk7FmUbMjQItWFSPTC	dbencomo@snc.gob.ve	7	2	1	2022-11-25 00:00:00	2022-11-25 00:00:00	0	D130020	2022-11-25 00:00:00	1	G200107391
129	G200080850e*	$2y$10$6BgcfVcbTA1hsfxAZut4Ce0whnWkkiGh9UceIAlOD7Adl7q7EIujK	contratospublicos.hso@minaguas.gob.ve	6	2	1	2023-03-27 00:00:00	2023-03-27 00:00:00	0	AY590006	2023-05-30 00:00:00	1	G200080850
127	J001039090e*	$2y$10$1uH25mCrY0KrFAnb3jON0uGp6vROj3XB.MHWquZZ2VNtZT5pxyuuu	contratacionescametro@protonmail.com	6	2	1	2023-03-23 00:00:00	2023-03-23 00:00:00	0	AT540008 	2023-03-23 00:00:00	1	J1039090
122	G200003669e*	$2y$10$wwpnltbHopt0cnD3TTUQfuxB91SDTfIrx19PLmVEMB26jbno9U0ji	ISPEB.CONTRATACIONES@PRONMAL.COM	6	2	1	2023-03-21 00:00:00	2023-03-21 00:00:00	0	ZP350000-4	2023-03-21 00:00:00	1	G200003669
63	Jleon12*	$2y$10$LxslZ7N83YmLIc1P9I4Q6eB2SIyXbbgF5jWx.XmDw/9zjKQaHZq7K	jleon@snc.gob.ve	4	2	1	2022-11-21 11:11:52	2022-11-21 00:00:00	0	G160000	\N	1	G200024518
761	G200000040s*	$2y$10$SJ8KQTEEzudkKeJor7LdjuMxnsl/9iYBQ8v3mgi1xvGxE.1OcUvi6	sandypimentel@gmail.com	6	1	1	2023-05-05 00:00:00	2023-05-05 00:00:00	0	D130000	2023-05-05 00:00:00	1	G200000040
755	G200047240c2*	$2y$10$N05A.OSnzkSSZQ6bVjCGK.lINPpwoPgfnbOya6XLYRDpE7InO63Jm	compraspms@polisucre.com.ve	2	1	1	2023-05-04 00:00:00	2023-05-04 00:00:00	0	L210019	2023-05-04 00:00:00	1	G200047240
59	Alcala26*	$2y$10$vEEg0cakm66BqC7GUybhJuCSFIWfGoMiFBekfE5bfhhhBTztMY9sO	prua7@gmail.com	5	1	1	2020-12-06 00:00:00	2020-12-06 00:00:00	1	G160000	2020-12-06 00:00:00	1	G200024518
64	J002407034e*	$2y$10$oMJeogQZK8BMpVlmTq3EV.6r0z2wBkfLWd/rXildj8wBD1CIE6z1u	ybravo@snc.gob.ve	7	2	1	2022-11-22 03:11:08	2022-11-22 00:00:00	0	AB360007	2023-01-15 00:00:00	1	J2407034
62	Prueba12345$	$2y$10$EP3uMIovApJpKlVr6opaS.qDA.S3AvNuyDi5MS66K5g51VZSGLzoy	as@gmasil.com	7	2	1	2022-09-15 09:09:01	2022-09-15 00:00:00	1	A100000	\N	1	G200000260
773	J316485030c1*	$2y$10$ZDZJdBsjYaoptMcv4nb/aOmqEI.p5eC18HKFYJexf9hubpS83bl5O	bouttor@pdvsa.com	2	1	1	2023-05-10 00:00:00	2023-05-10 00:00:00	0	ZP350000-23	2023-05-12 00:00:00	1	J316485030
60	Administrador2022$	$2y$10$EP3uMIovApJpKlVr6opaS.qDA.S3AvNuyDi5MS66K5g51VZSGLzoy	admin@admin.com	5	2	1	2022-07-14 05:07:46	2022-07-14 00:00:00	1	G160000	\N	1	G200024518
108	G200092114e*	$2y$10$CzTj5QYLJo5vv9X1ZNrS3O/hCg8CinUXJYzeFXflyJ/n/vR35VoSO	ybravo@snc.gob.ve	7	2	1	2022-11-25 00:00:00	2022-11-25 00:00:00	0	L210023	2022-11-25 00:00:00	1	G200092114
776	G200005386c*	$2y$10$cAhAupM8QTlJF8ffG/W78eOUtuwOo8.JGZWruUeKwPibX8W4zTacu	isisamesty@tutanota.com	2	1	1	2023-05-10 00:00:00	2023-05-10 00:00:00	0	ZP350000-24	2023-05-10 00:00:00	1	J200005386
53	Bravo13*	$2y$10$yzTkTUqZ3V9q54iqFZ/CTu25OmS6c77V.VWJD6Lgm5D2w1NaHqupW	18@gmail.com	5	1	1	2020-12-06 00:00:00	2020-12-06 00:00:00	0	G160000	2022-12-22 00:00:00	1	G200024518
58	Vasquez9*	$2y$10$/lobwEDByYeM6gd7vmXEPeMCSDri4ohGnnMI5MOpJeC.dvDMjFEUe	pua74@gmail.com	5	1	1	2020-12-06 00:00:00	2020-12-06 00:00:00	0	G160000	2023-03-20 00:00:00	1	G200024518
2	admin12	$2y$10$EP3uMIovApJpKlVr6opaS.qDA.S3AvNuyDi5MS66K5g51VZSGLzoy	pruebasfffte@gmail.com	3	2	1	2020-12-06 00:00:00	2020-12-06 00:00:00	0	G160000	2022-11-25 07:05:02	1	G200024518
130	G200080850p*	$2y$10$hOeA9TbNH6WmkuFs4xJDN.ZKOGO8XU.kweuKZqpx20btNU246WyYO	comprashidrosuroeste@protonmail.com	10	2	1	2023-03-27 00:00:00	2023-03-27 00:00:00	2	AY590006	2023-03-27 00:00:00	1	G200080850
65	Ramon0809*	$2y$10$qC3/1YCQQ6o18LXmYwt6hOOJm7nFRGZA1aq8Q2ocNOJ7rHa1NSstm	rjsa@snc.gob.ve	1	11	1	2022-04-20 12:04:28	2022-04-20 12:04:28	1	G160000	2022-04-20 12:04:28	1	G200024518
770	Evega1*	$2y$10$ZxFfArweriuv4av0peZOGefOEs2OEu1.o1F55fEubGQFYKtoKd5Fu	evega@snc.gob.ve	11	1	1	2023-05-09 00:00:00	2023-05-09 00:00:00	0	G160000	2023-05-18 00:00:00	1	G200024518
35	Dbencomo	$2y$10$RFtqKMmEf/1O679db2tGF.0/3Luwru0LMgSjFxKt60g/sf7WSSq9m	ralvarez@nc.gob.ve	5	2	1	2021-04-28 22:17:55.124411	2021-04-28 22:17:55.124411	2	G160000	2021-04-29 07:44:58	1	G200024518
38	Ybravo	$2y$10$P0ICIw7rJnVa4SYlTr8u0.FyhUt2ay6Gd/BuUhAH3ZoRK7tU1jZPC	lvarez@nc.gob.ve	5	2	1	2021-04-28 22:36:34.410365	2021-04-28 22:36:34.410365	2	G160000	2021-04-28 11:40:40	1	G200024518
48	Araujo6*	$2y$10$vEEg0cakm66BqC7GUybhJuCSFIWfGoMiFBekfE5bfhhhBTztMY9sO	prueba588@gmail.com	5	1	1	2020-12-06 00:00:00	2020-12-06 00:00:00	1	G160000	2022-06-27 01:36:48	1	G200024518
112	G200000279e*	$2y$10$M.FDjCqXIX8FGyQlEz74EOG7K6tDGSjs3kgucmf1TGHkCVF9wLaH2	dbencomo@snc.gob.ve	7	2	1	2022-11-25 00:00:00	2022-11-25 00:00:00	0	B110000	2022-11-25 00:00:00	1	G200000279
54	Hernandez15*	$2y$10$xW/IBbszRyA0MB1IPSqcyelddWcDXRquABkUcgKpEdkArlWJ1Onva	prua8@gmail.com	5	1	1	2020-12-06 00:00:00	2020-12-06 00:00:00	0	G160000	2022-06-28 12:31:40	1	G200024518
123	G200166371e*	$2y$10$arae9X/.t7oME6Dz97gxJOuegQd8YVWsEKdasWea18WJvWRp2LAI2	SECREARIA.ALISANJO@PRONMAL.COM	6	2	1	2023-03-22 00:00:00	2023-03-22 00:00:00	0	ZP350000-7	2023-03-22 00:00:00	1	G200166371
55	Delgado16*	$2y$10$EP3uMIovApJpKlVr6opaS.qDA.S3AvNuyDi5MS66K5g51VZSGLzoy	prua75@gmail.com	5	1	1	2020-12-06 00:00:00	2020-12-06 00:00:00	0	G160000	2023-04-18 03:19:55	1	G200024518
135	G200036524p*	$2y$10$dQUQapHCbXTJICQk9uJ93OviINdN5A0PUzZb0KBybhwnasMyDxaam	divisioncomprassayf@prontomail.com	10	2	1	2023-03-29 00:00:00	2023-03-29 00:00:00	0	ZP350000-36	2023-03-29 00:00:00	1	G200036524
52	Gutierrez12*	$2y$10$Hu1yo8ZVn/0oTzxlPGQHn.Zz4dxI0HRIu0EJZ/pkjJCGQcA2DvuWO	prua48@gmail.com	5	1	1	2020-12-06 00:00:00	2020-12-06 00:00:00	0	G160000	2022-06-28 12:39:06	1	G200024518
741	marisely@gmail.com	$2y$10$uuRwLyEnykDuEtt1LsRS/exXuBhXvA94TNoPrtIWxQ4UQ4qK..Ihm	marisely@gmail.com	8	1	1	2023-04-13 01:49:56	2023-04-13 01:49:56	0	V10842999	2023-04-13 01:49:56	1	V10842999
758	J296633029c*	$2y$10$p7GHe0e7W0D85IubJMJyr.Vn00crLaUFjojqYFyYNLjTKWM1EMCku	ORTEGAFP@PDVSA.COM	2	1	1	2023-05-04 00:00:00	2023-05-04 00:00:00	0	ZP350000-33	2023-05-04 00:00:00	1	J296633029
752	rutilio2023@gmail.com	$2y$10$Ns55NXMGsO2yEP1PeIdXO.IKklEEGyIXJyrTfuP4kkdsjRct4ouSG	rutilio2023@gmail.com	8	1	1	2023-04-18 03:18:14	2023-04-18 03:18:14	0	V4201689	2023-04-18 00:00:00	1	V4201689
51	Rondon10*	$2y$10$vEEg0cakm66BqC7GUybhJuCSFIWfGoMiFBekfE5bfhhhBTztMY9sO	prua598@gmail.com	5	1	1	2020-12-06 00:00:00	2020-12-06 00:00:00	0	G160000	2022-06-27 01:36:48	1	G200024518
764	J400079268s*	$2y$10$XZWUMyutfHTGe2EUYz3OyOaQOLkqCtT0rxXWmHTo.Sg9xu0eZ1sl6	villegasmw@pdvsa.com	6	1	1	2023-05-05 00:00:00	2023-05-05 00:00:00	0	ZP350000-31	2023-05-15 00:00:00	1	J400079268
49	Bencomo9*	$2y$10$i6/gHWx.bRmRb7a/XyxsIunSm99AEZqT49G5RPdrD3fr7fFXkTb2e	prueba5858@gmail.com	5	1	1	2020-12-06 00:00:00	2020-12-06 00:00:00	0	G160000	2022-06-28 12:34:39	1	G200024518
56	Vasquez18*	$2y$10$UW7xR2Mvb3XLiwDbtIJpVeCEd2S4kpke0xIkC5ihEVV2/e39tRr0S	prua74@gmail.com	5	1	1	2020-12-06 00:00:00	2020-12-06 00:00:00	0	G160000	2023-03-20 00:00:00	1	G200024518
139	Tcuenca1*	$2y$10$LSXkjF0YogYwhpCEJLIP1ulqLAfloIKr.v4qr5UrdEEKwK.A2AxsG	tcuenca@snc.gob.ve	6	2	1	2023-04-21 00:00:00	2023-04-21 00:00:00	0	G160000	2023-04-21 00:00:00	1	G200024518
109	J001241345e*	$2y$10$./dp9MukAe5cIB3azMf/teHUGcIwJ3U/9RcZwmSU9E8YspVMBrzGK	ybravo@snc.gob.ve	7	2	1	2022-11-25 00:00:00	2022-11-25 00:00:00	0	BA610046	2022-11-25 00:00:00	1	G1241345
121	G200001100e*	$2y$10$SNjHV0pLKoAUj2gkls72q.jyITOY9NTGeUoAkdkHDaHI/1XvGW9ty	ecolmena@bcv.org.ve	6	2	1	2023-03-21 00:00:00	2023-03-21 00:00:00	0	AV560013	2023-03-21 00:00:00	1	G200001100
767	J000925020l*l	$2y$10$em8KHg75Ju4t/ivs7VhdPeB2Ik/Jv6c0Bva4TuNCgPMGjOLVs/3R.	CHACAREAD@PDVSA.COM	12	1	1	2023-05-08 00:00:00	2023-05-08 00:00:00	0	ZP350000-19	2023-05-10 00:00:00	1	J000925020
136	G200036524e1*	$2y$10$HDGmMJiEyfVpGkyIFrDX/.j9AHmp3.XGArCUiygDA4lfUrcU4h.Xi	divisionlogisticasayf@prontomail.com	11	2	1	2023-03-29 00:00:00	2023-03-29 00:00:00	0	ZP350000-36	2023-03-29 00:00:00	1	G200036524
50	Bruzual9*	$2y$10$.sVglpdSBbqm0Bv5IdaV3u0X9ht5Y7CsDzSIYq2EYkUbPd23e.a5a	pruea538@gmail.com	5	1	1	2020-12-06 00:00:00	2020-12-06 00:00:00	4	G160000	2022-06-28 12:36:20	1	G200024518
113	G200098201e*	$2y$10$qHEBqd8c2rgUMfelWQ2ftODxRlEG5Hmm3OpwgnnZk2QChBSokCiKG	dbencomo@snc.gob.ve	7	2	1	2022-11-25 00:00:00	2022-11-25 00:00:00	0	AO490003 	2022-11-25 00:00:00	1	G200098201
771	Amendible1*	$2y$10$AsEe8doQt3katLjF84EFyeE4ksZk6D7mE7sws4jjNHgY4r7uOkPrO	amendible@snc.gob.ve	11	1	1	2023-05-09 00:00:00	2023-05-09 00:00:00	0	G160000	2023-05-09 00:00:00	1	G200024518
116	Rgonzalez14*	$2y$10$BdSqUi/mEokjGiU5V0Ht3O/rVBQ3BA.uLcmfIWZQU8c2zpd/8frA6	ROGONZALEZ@SNC.GOB.VE	9	2	1	2023-03-14 00:00:00	2023-03-14 00:00:00	0	G160000	2023-03-14 00:00:00	1	G200024518
120	G200077115e*	$2y$10$/PjfDR.E.mEnRSQ7VJPcOOlPllieD6fvUNPB7KMcM28Cr1zKQ1nOG	compras.profarmacos@protonmail.com	6	2	1	2023-03-20 00:00:00	2023-03-20 00:00:00	1	X330013	2023-05-23 00:00:00	1	G200077115
67	Probando14*	$2y$10$SDh4trsltM5MOv33Y2FJFeeLpuk.M3aw7u2mOuHyvSiqbEgCrJevy	445sincopa2@gmail.com	7	2	1	2022-11-25 00:00:00	2022-11-25 00:00:00	0	BA610004	2022-11-25 00:00:00	1	G200098473
788	G200005386s*	$2y$10$lfxj9nepphl99wrW3yAUXO9zN2x1.7oOuKuh5wpVsp36h4Zjtyi/O	atriciafuenmayor@tutanota.com	6	1	1	2023-05-15 00:00:00	2023-05-15 00:00:00	0	ZP350000-24	2023-05-15 00:00:00	1	J200005386
124	G200166371d*	$2y$10$0tLisMp0sJ6c4.o/LKgGBO9WyxHKAkFJLQ4CQ9oKfw2D6lhVbl0TG	SECREARIA.ALISANJOs@PRONMAL.COM	7	2	1	2023-03-22 00:00:00	2023-03-22 00:00:00	0	ZP350000-7	2023-03-22 00:00:00	1	G200166371
792	G200054026e*	$2y$10$nukdDCFlPstWNmv85fJn8u6SfX2t06kTsSOH1Rj0ATRkgn1Mm4KNO	alcaldiademara1@protonmail.com	11	1	1	2023-05-15 00:00:00	2023-05-15 00:00:00	0	ZP350000-14	2023-05-15 00:00:00	1	G200054026
134	J000950369e*	$2y$10$onM40WXC2O6sFP6Lc8aqR.oB.5tvGsmH6Q49yGdxbSLgWdWkMb6Ru	bricenomcz@pdvsa.com	6	2	1	2023-03-28 00:00:00	2023-03-28 00:00:00	0	ZP350000-1	2023-03-28 00:00:00	1	J000950369
780	J000925020l*	$2y$10$Zi/oTfSksta09b1Bhn9pNOJGMC2rPamuiEJEkzyWKx1RGdJsgF4je	Bariven@bariven.gob.ve	6	1	1	2023-05-11 00:00:00	2023-05-11 00:00:00	0	ZP350000-19	2023-05-12 00:00:00	1	J000925020
814	J404026584s*	$2y$10$4nMg9QM5FbAVfFy6PugRJuDJbj4gy0wHIK/xT5MVsGOhRdtZn6y9C	deoliveira@pdvsa.com	6	1	1	2023-05-19 00:00:00	2023-05-19 00:00:00	0	ZP350000-19	2023-05-22 00:00:00	1	J404026584
131	J001039090p*	$2y$10$7CrP.alm94j5RcB7Xv0fFObJwZDfA7xfceFBxgaVMCOM0cG5cjKPq	comprascametrocaracas@protonmail.com	10	2	1	2023-03-27 00:00:00	2023-03-27 00:00:00	0	AT540008 	2023-03-27 00:00:00	1	J1039090
47	Rangel5*	$2y$10$7EpIN3BCd4KWZ4p8wJw1.Oa3aKhjPGWp.dD76tXEMtJGSM3STbV5W	prueba58@gmail.com	5	1	1	2020-12-06 00:00:00	2020-12-06 00:00:00	0	G160000	2022-06-28 12:35:31	1	G200024518
762	J300661113s*	$2y$10$Egf/u/N04z6Ei2ZNZBGvoe3C1NjZICQ0D9Yptno97lFwbMFjKZzam	floresajj@vassaguacara.com.ve	6	1	1	2023-05-05 00:00:00	2023-05-05 00:00:00	0	ZP350000-32	2023-05-17 00:00:00	1	J300661113
790	G200037369p*	$2y$10$rioU/zE5/KPzgC1aKDqnYOVhT.eC2rS7K6KIEbM2guqhyeD0OP4Ru	kgonzalez@sunai.gob.ve	10	1	1	2023-05-15 00:00:00	2023-05-15 00:00:00	0	S280000	2023-05-15 00:00:00	1	G200037369
784	G200006056s*	$2y$10$duJ8SQhBlG1x8jFi2EI5UOe4YPHXddeQKWGj6D1m9UZGDi8uB6uc.	contrataciones@maracaibo.gob.ve	6	1	1	2023-05-12 00:00:00	2023-05-12 00:00:00	0	ZP350000-12	2023-05-12 00:00:00	1	G200006056
765	G200006641l*	$2y$10$Iy9o1jvptwNiOKYp77hEQ.SMlvGnWgXm8Kwd47BGe2V2828yWg9QC	alcaldiadabajuro@proton.me	6	1	1	2023-05-05 00:00:00	2023-05-05 00:00:00	0	ZP350000-30	2023-05-12 00:00:00	1	G200006641
46	Ninojosa	$2y$10$G1pwj1znpYn3lKT.e7mxq.4.5AW3H5aHzjxiblz6meFzatuLufSIm	pruffte@gmail.com	1	3	1	2022-04-20 12:04:28	2022-04-20 12:04:28	0	G160000	2022-11-24 03:08:30	1	G200024518
759	G200079592s*	$2y$10$VN/gYHQG5ouY.xDz3dJtWO9OXTNX4JGFKq4KgSzCih4C3YblBkvfm	centrorafaelurdaneta@protonmail.com	6	1	1	2023-05-04 00:00:00	2023-05-04 00:00:00	0	AJ440010 	2023-05-17 00:00:00	1	G200079592
774	J316485030c2*	$2y$10$2SNdvwqbC8sOvo6gEgOVFeHfvnxQDMfVweyf.1X6Zp9YQgtOWcb6C	brucer@pdvsa.com	2	1	1	2023-05-10 00:00:00	2023-05-10 00:00:00	0	ZP350000-23	2023-05-12 00:00:00	1	J316485030
777	G200005386p*	$2y$10$TKESIXA92aIb/rnqPCbqP.10OQtLMpm.AyeFvVnHbBlJ5RfvMjGsa	procurazulia@tutanota.com	10	1	1	2023-05-10 00:00:00	2023-05-10 00:00:00	0	ZP350000-24	2023-05-10 00:00:00	1	J200005386
768	J316485200s1*	$2y$10$Ugyaqt5cwBcMrnFMBovJSOIx78LO1Qr31Wwc.YRCFa735kFVAqOKm	lopezcti@pdvsa.com	6	1	1	2023-05-08 00:00:00	2023-05-08 00:00:00	0	ZP350000-21	2023-05-08 00:00:00	1	J316485200
140	Ocaruto1*	$2y$10$jzrW9paYOdLoRb8q.//98OeCi4Fbf3l.J0IrQ2iNawfyGIzs2NgfW	ocaruto@snc.gob.ve	11	2	1	2023-04-21 00:00:00	2023-04-21 00:00:00	0	G160000	2023-04-21 00:00:00	1	G200024518
786	G200001500c1*	$2y$10$i/DH0cn0Bd4vxvIsTIXN0OugWCXQQTRPu4yPav81aDCkMhZHNYJee	comprasgob@proton.me	13	1	1	2023-05-12 00:00:00	2023-05-12 00:00:00	0	ZP350000-13	2023-05-24 00:00:00	1	G200001500
756	J000950369s*	$2y$10$kKvIU7WsDGAhsOeOBTcNBuUjPUYI/nvrlC5IlQqFGo1UcMo/U6kaW	povedak@pdvsa.com	6	1	1	2023-05-04 00:00:00	2023-05-04 00:00:00	0	ZP350000-1	2023-05-04 00:00:00	1	J000950369
782	G200002646c*	$2y$10$qB0M.KfFYiMvGYMpBCRwGOiosYnTvdn5JYkHmlqIHb3AqX31YPi6q	pdte.funrevi@lara.gob.ve	2	1	1	2023-05-12 00:00:00	2023-05-12 00:00:00	0	ZP350000-10	2023-05-12 00:00:00	1	G200002646
794	G200001810s*	$2y$10$8a0WuACKVWLNbyCYLKkOGu2CCt64F6MjGDlxcy4.Pr8CD3zExBzY.	contratacionesalcaldiasanjoaq2@protonmail.com	6	1	1	2023-05-15 00:00:00	2023-05-15 00:00:00	0	ZP350000-6	2023-05-15 00:00:00	1	G200001810
137	G200036524e*	$2y$10$FiMYLDsJhKq7OXfr8hDIeeSkL3pOM9leZoex/nStLM2gYrJDPsJ7W	direccioncontratacionespublicasgez2022@prontomail.com	6	2	1	2023-03-29 00:00:00	2023-03-29 00:00:00	0	ZP350000-36	2023-03-29 00:00:00	1	G200036524
106	Tester1417*	$2y$10$/.AbSg5RujPWatLPJI7C9uXkzlwRV5eDtfsfC9OtKSrzAxOXJHlKG	sincop32323a2@gmail.com	7	2	1	2022-11-25 00:00:00	2022-11-25 00:00:00	0	BA610004	2022-11-25 00:00:00	1	G200098473
126	G200051213p*	$2y$10$QKCXL4pntwQ487f4eyhjee3NoM7PhO04.x/hntDkAF1GJCl.3RhCm	COMPRASCORDAMI@PROTONMAIL.COM	10	2	1	2023-03-23 00:00:00	2023-03-23 00:00:00	0	ZP350000-9	2023-03-23 00:00:00	1	G200051213
114	G200086831e*	$2y$10$Vvhet2u8boKQHa2GEKO5L.EGf6Ovw0ru2vLsFHKtIcpCHUIHf7Hla	dbencomo@snc.gob.ve	7	2	1	2022-11-25 00:00:00	2022-11-25 00:00:00	0	D130015	2022-11-25 00:00:00	1	G200086831
715	hinojosacarlos10@gmail.com	$2y$10$GjP6tj6RwjDk9jiw9.hK/.DAmKeql32Nz2UFLjf/t7ABgVa/BfzYa	hinojosacarlos10@gmail.com	8	1	1	2023-03-16 06:13:50	2023-03-16 06:13:50	0	9145096	2023-03-30 00:00:00	1	9145096
117	CParedes14*	$2y$10$DOQL8PLFKtGkkoHZEr6.3eHdhNL3RRQbebKI/eO/jXLq6uPUKSlT.	cparedes@snc.gob.ve	9	2	1	2023-03-14 00:00:00	2023-03-14 00:00:00	0	G160000	2023-03-14 00:00:00	1	G200024518
778	G200005386e*	$2y$10$.woXJs9bFNgh67pcM/Ocfe.HLlifwooY/6mdLy6phzXsFtmCOA.T6	jesusmariarivas2023@tutanota.com	11	1	1	2023-05-10 00:00:00	2023-05-10 00:00:00	0	ZP350000-24	2023-05-10 00:00:00	1	J200005386
125	G200166371ce*	$2y$10$BTEafd1U.k3s1RFeVxBzUO/kXUqmn0TFUjSyqIvz73pHyjrVuBpTC	QUERO.ALISANJOs@PRONMAL.COM	11	2	1	2023-03-22 00:00:00	2023-03-22 00:00:00	0	ZP350000-7	2023-03-22 00:00:00	1	G200166371
110	G200000040e*	$2y$10$rClYICrTo.lijQabCeArRuxeRnA5DGDx8oZQbnRtt7G/C3pTl1Rui	dbencomo@snc.gob.ve	7	2	1	2022-11-25 00:00:00	2022-11-25 00:00:00	0	D130000	2022-11-25 00:00:00	1	G200000040
119	J298998156e*	$2y$10$tk8AQy.bQFbQh.cIjwmzs.6svWPVMMCTDkqh1X3uGGyRdGHsHLQNu	manriquews@petrocuragua.pdvsa.com	6	2	1	2023-03-20 00:00:00	2023-03-20 00:00:00	0	ZP350000-2	2023-05-17 00:00:00	1	J298998156
132	J001039090p2*	$2y$10$xvZ6q0BAPrGW6Bp0QU9FL.Y25HRGDaDBtCMf/aMW/tfQARKGiw4x.	comprasplancametro@protnmail.com	10	2	1	2023-03-27 00:00:00	2023-03-27 00:00:00	0	AT540008 	2023-03-27 00:00:00	1	J1039090
128	G200127716e*	$2y$10$LjDP90jYYfRPP84kHaJBUOEfR7vciR1v3o/hQhhmZECX1UIQC0Vie	mhernandezminaguas@gob.ve	6	2	1	2023-03-27 00:00:00	2023-03-27 00:00:00	0	AY590000	2023-03-27 00:00:00	1	G200127716
753	Rgonzalez1*	$2y$10$AnXnERrEmt0ookP4XGyPiOBxzYsKKpkuvYIkh9BjHV/GK99a8fqgm	ragonzalez@snc.gob.ve	4	1	1	2023-05-03 00:00:00	2023-05-03 00:00:00	0	G160000	2023-05-03 00:00:00	1	G200024518
757	J296633029s*	$2y$10$r1wLu/nd0ueNoLdrEDzZp.NWnzz2ShxHfxZ/D.E1srWkXYxVSLQ6W	ROJASACH@PDVSA.COM	6	1	1	2023-05-04 00:00:00	2023-05-04 00:00:00	0	ZP350000-33	2023-05-04 00:00:00	1	J296633029
754	G200047240c1*	$2y$10$MX5SshvBeNIrBa87F2pFAu5cG4.o972x3epPkvMu./2dvuZn2nF5a	direccionsecretaria@polisucre.com.ve	6	1	1	2023-05-04 00:00:00	2023-05-04 00:00:00	0	L210019	2023-05-15 00:00:00	1	G200047240
779	G200002646l*	$2y$10$1SBLu5bs7rlNmSvIODnMt.NJ6xIfJDzht4qIMKiBqWQiQ35zPeYTm	snc.funrevi@lara.gob.ve	6	1	1	2023-05-10 00:00:00	2023-05-10 00:00:00	0	ZP350000-10	2023-05-12 00:00:00	1	G200002646
766	G200166525l*	$2y$10$lYy/rf6BWqhYHNjnsJ3uJuqGPYyuKCF6ZAEdYCjFB0vGWUjsjLbCu	imad_dabajuro@proton.me	6	1	1	2023-05-05 00:00:00	2023-05-05 00:00:00	0	ZP350000-22	2023-05-12 00:00:00	1	G200166525
769	J316485200s2*	$2y$10$3gga20O7.q0swRXtgc6d3.QjDgZE4cT6lyi.4iPr910E6bUUdIAaq	diazljl@petroquiriquire.pdvsa.com	2	1	1	2023-05-08 00:00:00	2023-05-08 00:00:00	0	ZP350000-21	2023-05-12 00:00:00	1	J316485200
772	J316485030s*	$2y$10$JIZdWZo1CLrEVEEJp7alTeEHjCrzZMKUBknst8mFvPk7u0DAtKNiW	ortajv@pdvsa.com	6	1	1	2023-05-10 00:00:00	2023-05-10 00:00:00	0	ZP350000-23	2023-05-10 00:00:00	1	J316485030
781	J200005386s*	$2y$10$DmSZ/qBCVW5ffOkMNuq29uevlUmgtpcE0qVPKK0/1QJE1lY5H14Bm	patriciafuenmayor@tutanota.comm	6	1	1	2023-05-12 00:00:00	2023-05-12 00:00:00	0	ZP350000-24	2023-05-12 00:00:00	1	J200005386
793	G200054026p*	$2y$10$2uTxytVu5H/FTU9qyQFY3eOtbeZiMLKhw0irdeaBSaXRkAanTcMGS	alcaldiademara2@protonmail.com	10	1	1	2023-05-15 00:00:00	2023-05-15 00:00:00	0	ZP350000-14	2023-05-15 00:00:00	1	G200054026
785	G200001500s*	$2y$10$cCrNrsLOnz5r41oYBgqaxO8uIvkBlNvJxTcuBla.mkyFtMiHnI2F2	comisioncontratacionesgeb@proton.me	6	1	1	2023-05-12 00:00:00	2023-05-12 00:00:00	0	ZP350000-13	2023-05-15 00:00:00	1	G200001500
775	G200005386l*	$2y$10$.Pw1a7JOJEiHZQL05tL27emODUoWkdUlLEhRxk65V5oIKdGchgToa	patriciafuenmayor@tutanota.com	12	1	1	2023-05-10 00:00:00	2023-05-10 00:00:00	5	0	2023-05-10 00:00:00	1	\N
796	G200050730s*	$2y$10$764BKfkIUWELowc3bohttOayZF6GWShFnctcen7DNg6e92AToGh6e	contraloriasanjoaquin@protonmail.com	6	1	1	2023-05-15 00:00:00	2023-05-15 00:00:00	0	ZP350000-15	2023-05-17 00:00:00	1	G200050730
789	G200037369s*	$2y$10$iRbGTuomPhIPfNe69eFdZu2V99GIKSPVP.NS.EznmmeYg9TSTGwiO	nurabac@sunai.gob.ve	6	1	1	2023-05-15 00:00:00	2023-05-15 00:00:00	0	S280000	2023-05-30 00:00:00	1	G200037369
783	G200038179s*	$2y$10$T2j8iGL0PZb.ReAR.9O/ReWxpprGOdvEnANiFQvoPATDaZ3LHhpxi	alcaldiadiegoibarra@protonmail.com	6	1	1	2023-05-12 00:00:00	2023-05-12 00:00:00	0	ZP350000-35	2023-05-24 00:00:00	1	G200038179
798	G200001100s2*	$2y$10$rLt2JQ6kV1Scg8QI31m.EeSkV28Q5swvcYQbIeIleyeMaPNcmNg3.	norgonza@bcv.gob.ve	6	1	1	2023-05-15 00:00:00	2023-05-15 00:00:00	0	AV560013	2023-05-15 00:00:00	1	G200001100
141	Ecolmenares1*	$2y$10$YchoxZx6EolzRYGpR/BkjemfWzaqJ8mr66E8I8cFciXK1C2zSS4bi	ecolmenares@snc.gob.ve	11	2	1	2023-04-21 00:00:00	2023-04-21 00:00:00	0	G160000	2023-04-21 00:00:00	1	G200024518
763	J300661113s2*	$2y$10$KtwVL0vINytQYRE/2.OKouZecqYQ6NacdZsA5wYdqI77jljap83xu	amarmole@vassaguacara.com.ve	2	1	1	2023-05-05 00:00:00	2023-05-05 00:00:00	0	ZP350000-32	2023-05-18 00:00:00	1	J300661113
799	G200125535s*	$2y$10$2yDQe7CqG84L5HneFHKTIupYuGTbwI1QERIaDBNg/5lSagoAz6BBq	vpsspsp@proton.me	6	1	1	2023-05-15 00:00:00	2023-05-15 00:00:00	0	AR520000	2023-05-15 00:00:00	1	G200125535
760	G200007664s*	$2y$10$DT3MjEjClamu7eaHVPOcFeiFe..nnZq79YHlqihiNVQ2QFnGEeFK2	alcaldiadeurdaneta@protonmail.com	6	1	1	2023-05-05 00:00:00	2023-05-05 00:00:00	0	ZP35000-15	2023-05-08 00:00:00	1	G200007664
797	G200050730p*	$2y$10$5kwmQq0a0a89SJibLcaOlu7h8T32jikwo4pN0J6wg5h/19lMbUHqy	contraloriasanjoaquin1@protonmail.com	10	1	1	2023-05-15 00:00:00	2023-05-15 00:00:00	0	ZP350000-15	2023-05-15 00:00:00	1	G200050730
795	G200001810p*	$2y$10$bujnaDnoxpIl0B7jzCLJB.e0E3OML8Lq1FJtYzOAoSTNyNK4be/la	contratacionesalcaldiasanjoaq3@protonmail.com	10	1	1	2023-05-15 00:00:00	2023-05-15 00:00:00	0	ZP350000-6	2023-05-15 00:00:00	1	G200001810
791	G200054026s*	$2y$10$UKP5chUr9Nk1JJ9vUH9dseZZzhPmUpnZ8L1g2dVQsJXBvraTay536	alcaldiademara@protonmail.com	6	1	1	2023-05-15 00:00:00	2023-05-15 00:00:00	0	ZP350000-14	2023-05-15 00:00:00	1	G200054026
787	G200001500c2*	$2y$10$NkCx33uPxcvGk/tNoxWfV.e8S1w95pja5b6dMCsjbkfNg/pBCIY7S	siotadministracion@proton.me	13	1	1	2023-05-12 00:00:00	2023-05-12 00:00:00	0	ZP350000-13	2023-05-24 00:00:00	1	G200001500
826	G200062126p*	$2y$10$iF/WwoKXghnuMw3sjEq0xuCUVtNYDjgYoifHaeaCogWf1gygzMMxK	cortubarca2@proton.me	10	1	1	2023-05-22 00:00:00	2023-05-22 00:00:00	0	765	2023-05-22 00:00:00	1	G200062126
806	J001230726s7*	$2y$10$1oEu8FKqN/V0k6GC/edvneTdpbyhfiqIYLLlBGEfYbKN08mUpkxyq	diaznf@pdvsa.com	6	1	1	2023-05-17 00:00:00	2023-05-17 00:00:00	0	ZP350000-16	2023-05-17 00:00:00	1	J001230726
827	G200083875p*	$2y$10$alBJOCmo/FFH1IlGGW.HIeK/v8B01Xd7WTWt2lZNMYSS.3ne4Y9Y2	lourald12@proton.me	13	1	1	2023-05-22 00:00:00	2023-05-22 00:00:00	0	L210016	2023-05-24 00:00:00	1	G200083875
804	J001230726s5*	$2y$10$ET43ZE8wRnwg8/dokzo7duRCtI0/LuYjsTOd/EQMz3AANgcPhfz66	castillollll@pdvsa.com	6	1	1	2023-05-17 00:00:00	2023-05-17 00:00:00	0	ZP350000-16	2023-05-17 00:00:00	1	J001230726
811	G200001526s2*	$2y$10$tJNkkGcKiQGEuFCljlyJBer1pe1xs94V9908iDGigCsyknpVpV7gO	gobernacionedocarabobo@protonmail.com	10	1	1	2023-05-17 00:00:00	2023-05-17 00:00:00	0	ZP350000-17	2023-05-17 00:00:00	1	G200001526
823	G200019220s*	$2y$10$dw7VHrz9rfNiTjhgn4xVAu0Zg710JtOWM9oQBe9uBo6LGah11bn1i	cmdnnasd2000@tutanota.com	6	1	1	2023-05-22 00:00:00	2023-05-22 00:00:00	0	763	2023-05-25 00:00:00	1	G200019220
836	vitorjlgarcia@hotmail.com	$2y$10$CHLjqOyywKp5BoL9bc.tOe7DJF6yvK8XiubNsUmGL8/qb0wp0rQiW	vitorjlgarcia@hotmail.com	8	1	1	2023-05-24 09:25:42	2023-05-24 09:25:42	0	V6332264	2023-05-24 00:00:00	1	V6332264
813	J001230726s11*	$2y$10$jV8mcCBENHVjEouQsE475OdHmnYv3GYnTFtE7.DrA2aKZqN0W6euO	zabaletaf@pdvsa.com	6	1	1	2023-05-18 00:00:00	2023-05-18 00:00:00	0	ZP350000-16	2023-05-18 00:00:00	1	J001230726
807	J001230726s8*	$2y$10$QPOPFvaAR5vbz9Bv.KxECuPWuJUlXlBRJq78rdvZ7FXXAfjz7uC1.	notiene@a.com	2	1	1	2023-05-17 00:00:00	2023-05-17 00:00:00	0	ZP350000-16	2023-05-18 00:00:00	1	J001230726
808	J001230726s9*	$2y$10$7VOZQ4CzMVBW82KyGLX0FuWQ.n9/R05JSF/6Ly3Upu4yIjxixRmwm	garciarwt@pdvsa.com	2	1	1	2023-05-17 00:00:00	2023-05-17 00:00:00	0	ZP350000-16	2023-05-18 00:00:00	1	J001230726
809	J001230726s10*	$2y$10$96/MtAtCdm365foZZiyODe1iUDlZaWN7udYtY11G9sm5oxxi80Wja	escorihuelav@pdvsa.com	2	1	1	2023-05-17 00:00:00	2023-05-17 00:00:00	0	ZP350000-16	2023-05-18 00:00:00	1	J001230726
810	G200001526s*	$2y$10$HqX9AjG7x58gP9GQCsdkQ.P.hp7uXpR2Tpj3E2F4V/wkLikZMPc6O	contratacionespublicasgec@proton.me	6	1	1	2023-05-17 00:00:00	2023-05-17 00:00:00	0	ZP350000-17	2023-05-18 00:00:00	1	G200001526
805	J001230726s6*	$2y$10$lB8DmNqCW9iaVqRs.nQzf.wehx1LpZPUdJ4UJvcbHOWqw9knUkYsy	SEPULVEDAM@PDVSA.COM	2	1	1	2023-05-17 00:00:00	2023-05-17 00:00:00	2	ZP350000-16	2023-05-18 00:00:00	1	J001230726
815	J404026584p*	$2y$10$RZVp4o5MckrT5mKEMLMgtOpK160LyCdNivr0zESi5CHgIo2dZ7F5K	frontadors@pdvsa.com	10	1	1	2023-05-19 00:00:00	2023-05-19 00:00:00	0	ZP350000-19	2023-05-19 00:00:00	1	J404026584
820	G200006609s*	$2y$10$EvQQIzm42sq3xB..PnhS7Oh2HL44nQNUDdVeysEuThkZ2gs2Gxl0O	contrataciones@alcaldiaguanare.gob	6	1	1	2023-05-19 00:00:00	2023-05-19 00:00:00	0	V6545321-2	2023-05-22 00:00:00	1	G200006609
800	J001230726s1*	$2y$10$MQfdLUiDbmS4xUY1Qma8w.XSETufnBEa9ZZ8L9ez9L7sO9oU5TT06	villalbaas@pdvsa.com	6	1	1	2023-05-17 00:00:00	2023-05-17 00:00:00	0	ZP350000-16	2023-05-17 00:00:00	1	J001230726
801	J001230726s2*	$2y$10$HjZTGZ5FxZ6qFTaTNuBZyOYtR8NxXUxSiaeGAdTmYkyZ36ipDCgyG	CASTILLOll@pdvsa.com	2	1	1	2023-05-17 00:00:00	2023-05-17 00:00:00	0	ZP350000-16	2023-05-18 00:00:00	1	J001230726
802	J001230726s3*	$2y$10$Lr6QXHpCXE1eNV3KY0GQ8u/fdviK5FJGPN3FZ1G19YsRx39nm/ici	perezdar@pdvsa.com	6	1	1	2023-05-17 00:00:00	2023-05-17 00:00:00	0	ZP350000-16	2023-05-18 00:00:00	1	J001230726
833	J000950369s1*	$2y$10$i44xcSdkXLqOwOlrrrUdCO3r5JmajttwlFWpJ0mSyqyVrMXhH1wlC	martinezyi@pdvsa.com	13	1	1	2023-05-23 00:00:00	2023-05-23 00:00:00	0	ZP350000-1	2023-05-30 00:00:00	1	J000950369
830	G200125799c*	$2y$10$.j3aVA8aXtHY//QwtRFBHu151kEc9HLkKzeAkRX557wzA2MeCinPq	ingenieriainvialca@proton.me	2	1	1	2023-05-22 00:00:00	2023-05-22 00:00:00	0	768	2023-05-22 00:00:00	1	G200125799
818	G200049189s*	$2y$10$wLa1bxGpydNeCAIN1xOfKe.oqcOCidqjPFlYZFRoo.mlmsPpGDyj.	contrataciones@alcaldiadesandiego.gob	6	1	1	2023-05-19 00:00:00	2023-05-19 00:00:00	2	V6545321-1	2023-05-23 00:00:00	1	G200049189
825	G200062126s*	$2y$10$vgF57A8rVE0JOy3DPqqq0u/8IhvBAwzWyfhYV5VvR08VOkZOQ00rq	cortubarca@proton.me	6	1	1	2023-05-22 00:00:00	2023-05-22 00:00:00	0	765	2023-05-23 00:00:00	1	G200062126
835	denngonzalez07@gmail.com	$2y$10$ONaHdJw5EFVKvRKDYUFOz.cNFSSG8/piFLseQw0kZiLhsYJ6lEYou	denngonzalez07@gmail.com	8	1	1	2023-05-23 08:44:18	2023-05-23 08:44:18	0	18490370V	2023-05-23 08:44:18	1	18490370V
831	G200125799p*	$2y$10$PthzdX0r9w76yVT4YVbWzurF17CgD2WkTPhJnWWHtYrati5S06rk6	invialca.administracionyfinanzas@protonmail.com	10	1	1	2023-05-22 00:00:00	2023-05-22 00:00:00	0	768	2023-05-22 00:00:00	1	G200125799
824	G200118768s*	$2y$10$6aJm6YPZB6..uXWl0qmy8ORx/z7UHj8v7cqJVQTR/ApA06O0zNC.2	empresamunicipalsandiego@protonmail.com	6	1	1	2023-05-22 00:00:00	2023-05-22 00:00:00	0	764	2023-05-22 00:00:00	1	G200118768
832	G200125799s*	$2y$10$FN0dPO7pCJLQob6J3kKQC.6cqwWU4cZuLcDWLi0tKdMBUS4lsQjK.	invialcacontrataciones@proton.me	6	1	1	2023-05-22 00:00:00	2023-05-22 00:00:00	0	768	2023-05-22 00:00:00	1	G200125799
819	G200049189c*	$2y$10$SNL5lM10TZTq8vvEsTTaSO7iy4jUfNWhLcTlnzrhcb9Rwzf6hlpsG	contrataciones@alcaldiasandiego.com	2	1	1	2023-05-19 00:00:00	2023-05-19 00:00:00	0	V6545321-1	2023-05-23 00:00:00	1	G200049189
822	G200001437s*	$2y$10$kCpsAmf9gck.pBwJSjw0Me/Y/skJ/c1bN3g/5Ql1UJ/mr/mx9HoJm	kalfonzo@pgr.gob.ve	6	1	1	2023-05-22 00:00:00	2023-05-22 00:00:00	0	K200000	2023-05-22 00:00:00	1	G200001437
828	G200001941s*	$2y$10$PXoNpFPXVwYmPuen6fczyOoUke060zZ8elnMK9uLSn55AEd9.jh8K	contrataciones.chacao@proton.me	6	1	1	2023-05-22 00:00:00	2023-05-22 00:00:00	0	765-1	2023-05-29 00:00:00	1	G200001941
834	rosannatorrieri14@gmail.com	$2y$10$Bft5V/1nGMA/r/DMROKFnOe/Iht9vV6RdT69B7BD3ENox5CYyDz..	rosannatorrieri14@gmail.com	8	1	1	2023-05-23 07:16:23	2023-05-23 07:16:23	0	V6338486	2023-05-23 07:16:23	1	V6338486
829	G200002018s*	$2y$10$K6zTbLQjWu50lE3DhZgmCeA8WorTAzsXjy7nfH8q46002EU.jeFwu	cpcalcaldiaelhatillo@alcaldiaelhatillo.gob.ve	6	1	1	2023-05-22 00:00:00	2023-05-22 00:00:00	0	765-2	2023-05-24 00:00:00	1	G200002018
812	G200002077s*	$2y$10$LgCnxPbtDAqnOoLrmVvHHODGWuhBMnENtSNacvsDt79k14mHqHDEW	comisionalciribarren@protonmail.com	6	1	1	2023-05-17 00:00:00	2023-05-17 00:00:00	0	ZP350000-18	2023-05-18 00:00:00	1	G200002077
803	J001230726s4*	$2y$10$roaZKWQ4Is308QbEDlbNhOsq3ViTCI2p/K9Bft6rddM0zYw3tz52q	CASTILLOlll@pdvsa.com	6	1	1	2023-05-17 00:00:00	2023-05-17 00:00:00	0	ZP350000-16	2023-05-17 00:00:00	1	J001230726
840	J299330264m1*	$2y$10$CHGvHAjP.MLmwRSw4CVWm.3K77Ue8Vsq0TRIvZPGbuFh8NJEEwi9u	floresmah@petrocarabobo.pdvsa.com	13	1	1	2023-05-24 00:00:00	2023-05-24 00:00:00	0	772	2023-05-24 00:00:00	1	J299330264
841	J299330264m2*	$2y$10$v9Hyn8VUN0NArMBqrxJbB.mxsn9KQQEcGrnSfeyIWdFRYWRI4j/.C	gomezmy@petrocedeno.pdvsa.com	13	1	1	2023-05-24 00:00:00	2023-05-24 00:00:00	0	772	2023-05-24 00:00:00	1	J299330264
837	adanmr4545@gmail.com	$2y$10$4FZ06wDmcFZH2dXbC9RpJ.cklX6ZXL/eP5h08YUs7rERp1gQ4UJUS	adanmr4545@gmail.com	8	1	1	2023-05-24 12:55:41	2023-05-24 12:55:41	0	16045964	2023-05-24 12:55:41	1	16045964
839	infosucrenet@gmail.com	$2y$10$TNQnATkgNDV.AfTInq.Beu3KeHxf2YoDpX9EzqSdl4cDoe6n19lDG	infosucrenet@gmail.com	8	1	1	2023-05-24 01:15:16	2023-05-24 01:15:16	0	V31711164	2023-05-24 01:15:16	1	V31711164
842	Adm.TuMundoIndustrial@hotmail.com	$2y$10$l75ZG1iMhIMR.bwNaOjyM.ymBaeA2ArsslxyDXCN48w06VeSTG8kS	Adm.TuMundoIndustrial@hotmail.com	8	1	1	2023-05-24 02:32:37	2023-05-24 02:32:37	0	V6277520	2023-05-24 02:32:37	1	V6277520
843	lylh1529@gmail.com	$2y$10$kegiuCAn4rlv6.hZ9ZAxrOXGm9JH50fBMiWhV6L7xh/AavxmD2NFa	lylh1529@gmail.com	8	1	1	2023-05-24 02:56:54	2023-05-24 02:56:54	0	V12485882	2023-05-24 02:56:54	1	V12485882
852	jcmconsultores2021@gmail.com	$2y$10$Cpi0c7ft.SkE8sVpXffvb.oG1dDt9koICnSxkLqbaE7xZLB/wLu7a	jcmconsultores2021@gmail.com	8	1	1	2023-05-24 04:15:53	2023-05-24 04:15:53	0	V18914344	2023-05-24 04:15:53	1	V18914344
855	jesusrafael25@gmail.com	$2y$10$JqFX5tyyxTSJk8U30U/KKOA6fS6HQgMjAlHCX07HfL074sgiRgpna	jesusrafael25@gmail.com	8	1	1	2023-05-24 04:25:21	2023-05-24 04:25:21	0	V5580368	2023-05-24 04:25:21	1	V5580368
848	J000767270s1*	$2y$10$lTQwEoHIOgDm2ga2ADM4te84UAvgl5HrTLN5iGVDbTGfFFtXnGiOy	garciacth@pdvsa.com	6	1	1	2023-05-24 00:00:00	2023-05-24 00:00:00	0	778	2023-05-24 00:00:00	1	J000767270
854	G200002220s*	$2y$10$9m.l7Q3V.gUxuLrmCSqCyujim59G2uO5moh0nhmIlCqcnlGbeo6bC	consejolegislativobolivar@protonmail.com	6	1	1	2023-05-24 00:00:00	2023-05-24 00:00:00	0	V-1	2023-05-26 00:00:00	1	G200002220
844	G200002395s*	$2y$10$B1BMNhVMjiFCnBTz./7R9ek8IVT7LJMFQ5KJbgyG0h0mM9ErljHje	comisionescontratacionescmch@proton.me	6	1	1	2023-05-24 00:00:00	2023-05-24 00:00:00	0	776	2023-05-24 00:00:00	1	G200002395
845	G200002395m*	$2y$10$UNlrggonwTADtXunLZ4MAe/kEapk3O24RtUBoTXD3f/7bCmgdC7l2	comprascmch2016@proton.me	13	1	1	2023-05-24 00:00:00	2023-05-24 00:00:00	0	776	2023-05-26 00:00:00	1	G200002395
860	Garuagroup@gmail.com	$2y$10$j8YndBTZ6WkoelbvbxaX1Os4iHXSBSZ.ptmnnrXXNmfuef5U5fy3i	Garuagroup@gmail.com	8	1	1	2023-05-24 07:49:29	2023-05-24 07:49:30	0	J40974911	2023-05-24 07:49:30	1	J40974911
862	Garuaconsultores@gmail.com	$2y$10$4IqPfyQxAXmB38t.QRbCD.wpG6b7RevBawSCRcx48n8GGxvAVvs0G	Garuaconsultores@gmail.com	8	1	1	2023-05-24 07:51:54	2023-05-24 07:51:54	0	409749118	2023-05-24 07:51:54	1	409749118
876	G200003030s*	$2y$10$xVJEksJuAvvMAIKP/H4nPeDTrG3CVN4G9GN8C4Bx2Fxw4qboCe7HO	gjgarcia@seniat.gob.ve	6	1	1	2023-05-26 00:00:00	2023-05-26 00:00:00	0	AV560003	2023-05-26 00:00:00	1	G200003030
867	J316665992s*	$2y$10$TqHXYxwCgmoX5T6ccA1ln.fPqx0qtR02X0iMpX1dxbEAxKxanMzJS	gavidiaj@pdvsa.com	6	1	1	2023-05-26 00:00:00	2023-05-26 00:00:00	0	ZP350000-11	2023-05-26 00:00:00	1	J316665992
863	jesuscolls3@gmail.com	$2y$10$TUc1lgDoLEi4por.u3zrT.xwXO1Rlqfae4LswHg17w6459qpvZx5a	jesuscolls3@gmail.com	8	1	1	2023-05-25 03:25:05	2023-05-25 03:25:05	0	V15837429	2023-05-25 03:25:05	1	V15837429
874	alexisquinonesmoreno@gmail.com	$2y$10$X6FSEw/IOGqqKK9yJu180.3JjvxeIA.NTH7O.BfkrxsEcfS7nu7p6	alexisquinonesmoreno@gmail.com	8	1	1	2023-05-26 01:45:10	2023-05-26 01:45:10	0	V17883086	2023-05-26 01:45:10	1	V17883086
849	J000767270s2*	$2y$10$axNa3cXPjyY.zBEti87iue8Pbd6G1eGi6nnWsSM/madKCp5f.kyWK	francoadx@pdvsa.com	6	1	1	2023-05-24 00:00:00	2023-05-24 00:00:00	0	778	2023-05-26 00:00:00	1	J000767270
871	J00123072m12*	$2y$10$hl0j4jYoZbsrVyVlXTciw..ORi6DQZJ7EFbJTxrhBM7FE2I4sX9Yu	mazayn@pdvsa.com	13	1	1	2023-05-26 00:00:00	2023-05-26 00:00:00	0	ZP350000-16	2023-05-26 00:00:00	1	J001230726
850	J000767270s3*	$2y$10$fZnyvknzPGYKQrdbtjR6cu3WtWY8eiSJr1pNmr.JtejjfwP.nclZa	diazmay@pdvsa.com	6	1	1	2023-05-24 00:00:00	2023-05-24 00:00:00	0	778	2023-05-24 00:00:00	1	J000767270
865	Vegacarmensofia@gmail.com	$2y$10$vbNVBzsPvqAudaepEW5y3uNDnPdbb2R/sXufqZtSHWRLBiqMgMcD2	Vegacarmensofia@gmail.com	8	1	1	2023-05-25 03:52:31	2023-05-25 03:52:31	0	V11973979	2023-05-25 03:52:31	1	V11973979
866	v.a.iriarte22@gmail.com	$2y$10$a8uW5ap2NsMrjrzkLRtCCe2aCA/75hHPveCQaIpiMAzVPbOWN64QS	v.a.iriarte22@gmail.com	8	1	1	2023-05-25 04:00:45	2023-05-25 04:00:45	1	V24830571	2023-05-25 04:00:45	1	V24830571
857	G200052031s*	$2y$10$enSTPJhpnNORkcM3rrcQWOWGAkm/63CfbDKkgme9.OoEuhsaaOxCO	vialsandi@protonmail.com	6	1	1	2023-05-24 00:00:00	2023-05-24 00:00:00	0	782	2023-05-26 00:00:00	1	G200052031
838	J299330264s*	$2y$10$FHbpGm9ZUb8JPesSdq7ItOnJFdIdaGApfx5avcIEoad7II54DriHS	gonzalezjip@petrocedeno.pdvsa.com	6	1	1	2023-05-24 00:00:00	2023-05-24 00:00:00	0	772	2023-05-25 00:00:00	1	J299330264
859	G200100168m*	$2y$10$0G2VjQQMA/vy/Z9sTKsiEu9Dh6witsyJcTZj83rSIsqe0kKmiZv5S	comisioniamfumcosandi2@proton.me	13	1	1	2023-05-24 00:00:00	2023-05-24 00:00:00	1	784	2023-05-25 00:00:00	1	G200100168
875	ejsalazarh27@gmail.com	$2y$10$XlNb.TUHOD1wp79Teg75Ru4rTyU3eQR0L2.f2xeXX8A/espbTsnoW	ejsalazarh27@gmail.com	8	1	1	2023-05-26 03:37:18	2023-05-26 03:37:18	0	V7951578	2023-05-26 03:37:18	1	V7951578
872	J000950369s2*	$2y$10$N5iLdm/yDYpIMde3na1kg..ZyU99kMyfBDRnDg3SCkBBjdqTeNfQ.	navarroagx@pdvsa.com	6	1	1	2023-05-26 00:00:00	2023-05-26 00:00:00	0	ZP350000-1	2023-05-26 00:00:00	1	J000950369
858	G200100168s*	$2y$10$kO76hBgq1nAjclY5JDkKy.31FotNH7cj8LHnWRUWjMx.gLvLhtlG6	comisioniamfumcosandi@proton.me	6	1	1	2023-05-24 00:00:00	2023-05-24 00:00:00	0	784	2023-05-25 00:00:00	1	G200100168
870	J00123072s12*	$2y$10$TVkoK1NmDNxa2LCDUmrT3uMvjLY02s7/xUhqTsosh.Lhdd9Rg4skO	sanchezenm@pdvsa.com	6	1	1	2023-05-26 00:00:00	2023-05-26 00:00:00	0	ZP350000-16	2023-05-26 00:00:00	1	J001230726
877	G200003030e*	$2y$10$sKhkruSTxpiR9Yz.YGMcu.tWsYbHjIEAlttTdAUCMwbQoxjK68oQ2	ffdiaz@seniat.gob.ve	11	1	1	2023-05-26 00:00:00	2023-05-26 00:00:00	0	AV560003	2023-05-26 00:00:00	1	G200003030
868	J303645747s*	$2y$10$dn246.1/wjx8ze93/FqtEuHjv3S1BQri.bquMYWFj0DxyglKEllba	lemusr@pdvsa.com	6	1	1	2023-05-26 00:00:00	2023-05-26 00:00:00	0	1	2023-05-26 00:00:00	1	J303645747
878	G200003030m*	$2y$10$xrhRsVffJzxU3krfR8HF/.EWzGGdj90MHAPH69BK/gLFUuQQ60mK.	nybriceno@seniat.gob.ve	13	1	1	2023-05-26 00:00:00	2023-05-26 00:00:00	0	AV560003	2023-05-26 00:00:00	1	G200003030
879	G200003030c*	$2y$10$0NzlHTpzvqGfCs0R0RHCXO1aNu5LJX8qtj521bTL/e38s1iE0LGd6	mchacon@seniat.gob.ve	2	1	1	2023-05-26 00:00:00	2023-05-26 00:00:00	0	AV560003	2023-05-26 00:00:00	1	G200003030
880	G200003030c2*	$2y$10$my/OZcPr7ysnlzreNjPVQOLatR7h/FgRwZhNRKIPeLbd9Hdqm9GSa	asaad@seniat.gob.ve	2	1	1	2023-05-26 00:00:00	2023-05-26 00:00:00	0	AV560003	2023-05-26 00:00:00	1	G200003030
873	J000950369m2*	$2y$10$f.yALEKP1uhuVLUd8.a7DuBucqgrPQ/psfFQ7.EwB6AFSsMoq5uNa	millansp@pdvsa.com	13	1	1	2023-05-26 00:00:00	2023-05-26 00:00:00	1	ZP350000-1	2023-05-26 00:00:00	1	J000950369
886	Jc_3271@hotmail.com	$2y$10$bXPDDxvYghAg9BrtACtDwOY3z/NXfByM5wxzs6gEBWlc8W81ZKqTi	Jc_3271@hotmail.com	8	1	1	2023-05-29 10:28:22	2023-05-29 10:28:22	0	V-1721173	2023-05-29 10:28:22	1	V-1721173
906	G200039078p*	$2y$10$jT0wNRYzQ1Yw49/cYtzy5.dYnwh4x.cM2xrausnlm5UEo3qqg3HQi	greciaeddanycruz@proton.me	10	1	1	2023-05-30 00:00:00	2023-05-30 00:00:00	0	V15279743-1	2023-05-30 00:00:00	1	G200039078
887	Jhonmata10@gmail.com	$2y$10$opaULDuwGMbs7Kwue5M4HuO11z7bzhiAKc0rkL1mI8loVd4cN9m5u	Jhonmata10@gmail.com	8	1	1	2023-05-29 10:45:02	2023-05-29 10:45:02	3	V17211733	2023-05-29 10:45:02	1	V17211733
889	G200083000m*	$2y$10$wz3UGLgoHT/ztIAJfvN6/OPE6b9/LpgAoE9lgfCeL8jFpE7HEphZG	fcem@protonmail.com	13	1	1	2023-05-29 00:00:00	2023-05-29 00:00:00	0	798	2023-05-29 00:00:00	1	G200083000
908	G200039078s*	$2y$10$UJYIgLGTYk.PKXuDAC8Kk.Onul3zE7Xrqr10xVjWD9cmoB3K.OZy2	contratacionlossalias@proton.me	6	1	1	2023-05-30 00:00:00	2023-05-30 00:00:00	0	V15279743-1	2023-05-30 00:00:00	1	G200039078
890	sorad3110@gmail.com	$2y$10$KDfW5lRtgpsltzFC.AZ07..X2eZZd00Ukf1jZxovU1DWZ0K58BM/2	sorad3110@gmail.com	8	1	1	2023-05-29 11:54:14	2023-05-29 11:54:14	0	V17889658	2023-05-29 11:54:14	1	V17889658
888	G200079495m*	$2y$10$KiIZsDHY7mDaG8nzZ9B1.Otb13Egb./x4GZqr0o4Pj3N.bWATsqjS	fadezul2022@gmail.com	13	1	1	2023-05-29 00:00:00	2023-05-29 00:00:00	0	797	2023-05-29 00:00:00	1	G200079495
891	G200083000s*	$2y$10$7MrzOPSY7MuUis.FxlN.G.NEm3tRO415SLYfAJyfLzrEWwVe8KQii	fcem2@protonmail.com	6	1	1	2023-05-29 00:00:00	2023-05-29 00:00:00	0	798	2023-05-29 00:00:00	1	G200083000
892	G200091487s*	$2y$10$HO1g1tUYz.foZUDx/AK4YOjTuiIIei8w9ui0vfTkf0RpT5VhE8NdO	cuentadantebbp@proton.me	6	1	1	2023-05-29 00:00:00	2023-05-29 00:00:00	0	AV560018	2023-05-29 00:00:00	1	G200091487
851	J000767270s4*	$2y$10$F7F0XwwJ6WX0kpFa.7aSr.YqDqpKCgP0iYmNlGaGbThffL2JUQAhu	delgadomex@pdvsa.com	6	1	1	2023-05-24 00:00:00	2023-05-24 00:00:00	0	778	2023-05-25 00:00:00	1	J000767270
909	G200039078c*	$2y$10$L9vE4cWUI62mavj6njXtaOCnvGneANjItLbh0H4bWkKZ1PuZeHlBK	saradelcmedinap@protonmail.com	2	1	1	2023-05-30 00:00:00	2023-05-30 00:00:00	0	V15279743-1	2023-05-30 00:00:00	1	G200039078
910	G200080302s*	$2y$10$78SZVbNdLXf1HIiJ.8wYWeh3Kv8TsAuPySkv7BUPs5UmbOmd8W0ZW	fundapaez22@protonmail.com	6	1	1	2023-05-30 00:00:00	2023-05-30 00:00:00	0	809	2023-05-30 00:00:00	1	G200080302
901	geologgingcorp@gmail.com	$2y$10$3X7ZpxlYMfVOxUSMGYQmsuBJJxuMib38CTXcUpZjqpqND4cG.Uh5q	geologgingcorp@gmail.com	8	1	1	2023-05-29 08:52:47	2023-05-29 08:52:47	0	V15637989	2023-05-29 08:52:47	1	V15637989
893	G200091487c*	$2y$10$cUwtv1TTRwwNQqRLkRVRI.Vvj.A0GAZUkp5NsTbgYYQH.S5AvVev6	wilmer.galan@bicentenariobu.com.ve	2	1	1	2023-05-29 00:00:00	2023-05-29 00:00:00	0	AV560018	2023-05-29 00:00:00	1	G200091487
894	G200000279s*	$2y$10$vG8QjokXtT5qO2C0pWQ9z.stNLflAbrgn8HpZAAVOYW/zxZ/hAWau	lsanchez@cne.gob.ve	6	1	1	2023-05-29 00:00:00	2023-05-29 00:00:00	0	B110000	2023-05-29 00:00:00	1	G200000279
902	inv.vytza@gmail.com	$2y$10$v7ViR1xXu9YQnRBUkd5p/.8FB2eWYYQGK09EgC.shg.mxsQOsjDtW	inv.vytza@gmail.com	8	1	1	2023-05-29 09:02:10	2023-05-29 09:02:10	0	V15279743	2023-05-29 09:02:10	1	V15279743
895	G200000279m*	$2y$10$kjeSaZVxjmGWfCbe5392pOFjNYth2GcCBZku1bt8Kih2R2merq8B2	krivero@cne.gob.ve	13	1	1	2023-05-29 00:00:00	2023-05-29 00:00:00	0	B110000	2023-05-29 00:00:00	1	G200000279
896	J400984610s*	$2y$10$4egMHLbt0lRTK4I1WHspj.vFAfNxxAiygC6U2RIVk6BegHBQhyXPq	luzardodn@pdvsa.com	6	1	1	2023-05-29 00:00:00	2023-05-29 00:00:00	0	800	2023-05-29 00:00:00	1	J400984610
899	G200104821m*	$2y$10$lisxjSNdFH7LhnPwgYtL.OULW4jSGBo2ehcBSwBffF62vmL6YCcWS	ingcivil_angela@protonmail.com	13	1	1	2023-05-29 00:00:00	2023-05-29 00:00:00	0	803	2023-05-29 00:00:00	1	G200104821
897	J316842258s*	$2y$10$TmoBUJgrtUgCg5Fy/8gFZO8OfVS4FxlIVT1aae4sdOehBiKClTORO	comipcab@pdvsa.com	6	1	1	2023-05-29 00:00:00	2023-05-29 00:00:00	0	801	2023-05-29 00:00:00	1	J316842258
898	J295318715s*	$2y$10$aBHZrWzR5XUBSPSCWs/A8elVYg0uaJTVby6JDc1z5vprNXS5IfAHy	comisioncontratacionmayor@petrocedeno.pdvsa.com	6	1	1	2023-05-29 00:00:00	2023-05-29 00:00:00	0	802	2023-05-29 00:00:00	1	J295318715
900	G200004797s*	$2y$10$Cy95mqWjwgXb.e7iq.JYNuTIfGzKErGyumuSoeAUSixUYwLejtbWW	contrataciones@alcaldiasancristobal.com.ve	6	1	1	2023-05-29 00:00:00	2023-05-29 00:00:00	0	803-1	2023-05-29 00:00:00	1	G200004797
903	jacksonparedes82@gmail.com	$2y$10$QuS5BEhVow6yOQvbOv081OYDwWB4BqoDJq4BehtICspJeTPPllCmW	jacksonparedes82@gmail.com	8	1	1	2023-05-30 11:50:55	2023-05-30 11:50:55	0	V15294594	2023-05-30 11:50:55	1	V15294594
904	jacksonparedes82@gmail.com	$2y$10$CTKSF5yLS6NPhKWYSGK95eGN8B8nzdfa/IKAt92BL6qaR/RBj4ByW	jacksonparedes82@gmail.com	8	1	1	2023-05-30 11:51:02	2023-05-30 11:51:02	0	V15294594	2023-05-30 11:51:02	1	V15294594
905	G200039078e*	$2y$10$.V4fL0EiU1pSU234NdsgPu7GBH1zfFlCdkvRMTfdmDQZcYEigriDe	divacduquer@proton.me	11	1	1	2023-05-30 00:00:00	2023-05-30 00:00:00	0	V15279743-1	2023-05-30 00:00:00	1	G200039078
907	G200039078e2*	$2y$10$XQbv/U0fgTYtoHAh4KIROOFMLitp/kUguoROI8VuRTiYMRNFft/z.	juanantoniomendoza@proton.me	11	1	1	2023-05-30 00:00:00	2023-05-30 00:00:00	0	V15279743-1	2023-05-30 00:00:00	1	G200039078
911	G200005252s*	$2y$10$yCUBXInTCbj4xbMbF1WiCuIr5tS3LpiYggff1SJoRzl0rAiseoIIq	miriamliscano@an.gob.ve	6	1	1	2023-05-30 00:00:00	2023-05-30 00:00:00	0	809-1	2023-05-30 00:00:00	1	G200005252
912	G200005252m*	$2y$10$mtCt4sRJHc3qLkolfi3a9e1tOKFl88ckI29jawSptZCg6YmV2wD82	maryurimunz@an.gob.ve	13	1	1	2023-05-30 00:00:00	2023-05-30 00:00:00	0	809-1	2023-05-30 00:00:00	1	G200005252
1	Suad1417*	$2y$10$KQoJZ4VYydGS9jX5fWXnsexdzsB.0tZiz.BqmmWTOMY7rp70iUQeO	prueba@gmail.com	1	NULL	\N	2020-12-06 00:00:00	2020-12-06 00:00:00	0	G160000	2023-05-29 00:00:00	1	G200024518
869	apsconsultores@yahoo.com	$2y$10$fV7anowJf.1eIbPQS2e9F.gGfCWu.9LynLX2iy72gADxWbA0dvVbu	apsconsultores@yahoo.com	8	1	1	2023-05-26 01:10:12	2023-05-26 01:10:12	0	J304354487	2023-05-26 01:10:12	1	J304354487
\.


--
-- TOC entry 3534 (class 0 OID 0)
-- Dependencies: 319
-- Name: funcionarios_id_seq; Type: SEQUENCE SET; Schema: seguridad; Owner: postgres
--

SELECT pg_catalog.setval('seguridad.funcionarios_id_seq', 84, true);


--
-- TOC entry 3535 (class 0 OID 0)
-- Dependencies: 321
-- Name: perfil_id_perfil_seq; Type: SEQUENCE SET; Schema: seguridad; Owner: postgres
--

SELECT pg_catalog.setval('seguridad.perfil_id_perfil_seq', 5, true);


--
-- TOC entry 3536 (class 0 OID 0)
-- Dependencies: 322
-- Name: usuarios_id_seq; Type: SEQUENCE SET; Schema: seguridad; Owner: postgres
--

SELECT pg_catalog.setval('seguridad.usuarios_id_seq', 142, true);


--
-- TOC entry 3381 (class 2606 OID 41923)
-- Name: funcionarios funcionarios_pkey; Type: CONSTRAINT; Schema: seguridad; Owner: postgres
--

ALTER TABLE ONLY seguridad.funcionarios
    ADD CONSTRAINT funcionarios_pkey PRIMARY KEY (id);


--
-- TOC entry 3379 (class 2606 OID 41925)
-- Name: usuarios usuarios_pkey; Type: CONSTRAINT; Schema: seguridad; Owner: postgres
--

ALTER TABLE ONLY seguridad.usuarios
    ADD CONSTRAINT usuarios_pkey PRIMARY KEY (id);


-- Completed on 2023-10-10 20:55:36 -04

--
-- PostgreSQL database dump complete
--

